[
{
    "model": "contenttypes.contenttype",
    "fields": {
        "app_label": "auth",
        "model": "permission"
    }
},
{
    "model": "contenttypes.contenttype",
    "fields": {
        "app_label": "auth",
        "model": "group"
    }
},
{
    "model": "contenttypes.contenttype",
    "fields": {
        "app_label": "contenttypes",
        "model": "contenttype"
    }
},
{
    "model": "contenttypes.contenttype",
    "fields": {
        "app_label": "sessions",
        "model": "session"
    }
},
{
    "model": "contenttypes.contenttype",
    "fields": {
        "app_label": "admin",
        "model": "logentry"
    }
},
{
    "model": "contenttypes.contenttype",
    "fields": {
        "app_label": "django_summernote",
        "model": "attachment"
    }
},
{
    "model": "contenttypes.contenttype",
    "fields": {
        "app_label": "dashboard",
        "model": "billingmonths"
    }
},
{
    "model": "contenttypes.contenttype",
    "fields": {
        "app_label": "dashboard",
        "model": "tax"
    }
},
{
    "model": "contenttypes.contenttype",
    "fields": {
        "app_label": "dashboard",
        "model": "customuser"
    }
},
{
    "model": "contenttypes.contenttype",
    "fields": {
        "app_label": "dashboard",
        "model": "instructor"
    }
},
{
    "model": "contenttypes.contenttype",
    "fields": {
        "app_label": "dashboard",
        "model": "manager"
    }
},
{
    "model": "contenttypes.contenttype",
    "fields": {
        "app_label": "dashboard",
        "model": "families"
    }
},
{
    "model": "contenttypes.contenttype",
    "fields": {
        "app_label": "dashboard",
        "model": "student"
    }
},
{
    "model": "contenttypes.contenttype",
    "fields": {
        "app_label": "dashboard",
        "model": "instructor_student"
    }
},
{
    "model": "contenttypes.contenttype",
    "fields": {
        "app_label": "dashboard",
        "model": "classes"
    }
},
{
    "model": "contenttypes.contenttype",
    "fields": {
        "app_label": "dashboard",
        "model": "discounts"
    }
},
{
    "model": "contenttypes.contenttype",
    "fields": {
        "app_label": "dashboard",
        "model": "marketer_student"
    }
},
{
    "model": "contenttypes.contenttype",
    "fields": {
        "app_label": "about",
        "model": "about"
    }
},
{
    "model": "contenttypes.contenttype",
    "fields": {
        "app_label": "about",
        "model": "how_it_works"
    }
},
{
    "model": "contenttypes.contenttype",
    "fields": {
        "app_label": "about",
        "model": "terms"
    }
},
{
    "model": "contenttypes.contenttype",
    "fields": {
        "app_label": "about",
        "model": "testimonials"
    }
},
{
    "model": "contenttypes.contenttype",
    "fields": {
        "app_label": "about",
        "model": "whyus"
    }
},
{
    "model": "contenttypes.contenttype",
    "fields": {
        "app_label": "main",
        "model": "contactus"
    }
},
{
    "model": "contenttypes.contenttype",
    "fields": {
        "app_label": "main",
        "model": "fees"
    }
},
{
    "model": "contenttypes.contenttype",
    "fields": {
        "app_label": "main",
        "model": "pricing"
    }
},
{
    "model": "contenttypes.contenttype",
    "fields": {
        "app_label": "main",
        "model": "pricing_content"
    }
},
{
    "model": "contenttypes.contenttype",
    "fields": {
        "app_label": "main",
        "model": "settings"
    }
},
{
    "model": "contenttypes.contenttype",
    "fields": {
        "app_label": "main",
        "model": "slider"
    }
},
{
    "model": "contenttypes.contenttype",
    "fields": {
        "app_label": "main",
        "model": "teachercontact"
    }
},
{
    "model": "contenttypes.contenttype",
    "fields": {
        "app_label": "main",
        "model": "tutors"
    }
},
{
    "model": "contenttypes.contenttype",
    "fields": {
        "app_label": "course",
        "model": "course"
    }
},
{
    "model": "contenttypes.contenttype",
    "fields": {
        "app_label": "course",
        "model": "enrollment"
    }
},
{
    "model": "contenttypes.contenttype",
    "fields": {
        "app_label": "blog",
        "model": "post"
    }
},
{
    "model": "contenttypes.contenttype",
    "fields": {
        "app_label": "learning",
        "model": "curriculum"
    }
},
{
    "model": "contenttypes.contenttype",
    "fields": {
        "app_label": "learning",
        "model": "methodology"
    }
},
{
    "model": "contenttypes.contenttype",
    "fields": {
        "app_label": "learning",
        "model": "steps_methodology"
    }
},
{
    "model": "contenttypes.contenttype",
    "fields": {
        "app_label": "learning",
        "model": "steps_to_start"
    }
},
{
    "model": "contenttypes.contenttype",
    "fields": {
        "app_label": "learning",
        "model": "study_plan"
    }
},
{
    "model": "contenttypes.contenttype",
    "fields": {
        "app_label": "dashboard",
        "model": "marketer"
    }
},
{
    "model": "sessions.session",
    "pk": "10t95q53xczxoa5jiuj1ygxbr4df0wru",
    "fields": {
        "session_data": ".eJxVjDsOwjAQBe_iGlmJnPWHkp4zRG93HRxAjpRPhbg7REoB7ZuZ9zI9trX025LnflRzNq05_W4MeeS6A72j3iYrU13nke2u2IMu9jppfl4O9--gYCnf2rWETgXw6oZGoTGlAbETGhRBfAzEjRNiapAcOx-YOVDOGcyeYN4fDto5SQ:1sdIfa:I_4ZTsyADULKrxLlcHMCVgS_RrO6Ltt7EzLVzPR8t7A",
        "expire_date": "2024-08-12T00:17:18.604Z"
    }
},
{
    "model": "sessions.session",
    "pk": "19sn8fkugylf8uq87afqdob87kqp375w",
    "fields": {
        "session_data": ".eJxVjDsOwjAQBe_iGlmJnPWHkp4zRG93HRxAjpRPhbg7REoB7ZuZ9zI9trX025LnflRzNq05_W4MeeS6A72j3iYrU13nke2u2IMu9jppfl4O9--gYCnf2rWETgXw6oZGoTGlAbETGhRBfAzEjRNiapAcOx-YOVDOGcyeYN4fDto5SQ:1sb7IP:9qLDp1iOXKN_xwZU-JezxqBRU1U78n7u0ydQCLxFOvg",
        "expire_date": "2024-08-19T23:39:21.401Z"
    }
},
{
    "model": "sessions.session",
    "pk": "1cfxrvic3ny9p2dolqapf695rsvp4v38",
    "fields": {
        "session_data": ".eJxVjDsOwjAQBe_iGlmJnPWHkp4zRG93HRxAjpRPhbg7REoB7ZuZ9zI9trX025LnflRzNq05_W4MeeS6A72j3iYrU13nke2u2IMu9jppfl4O9--gYCnf2rWETgXw6oZGoTGlAbETGhRBfAzEjRNiapAcOx-YOVDOGcyeYN4fDto5SQ:1sf2Gl:CVjUTykg22JtgN-S2LNv3OUhmZMJmfTN6xhE1W5SEQQ",
        "expire_date": "2024-08-30T19:05:51.898Z"
    }
},
{
    "model": "sessions.session",
    "pk": "1d1pqknsssb9d2k4149ys4hy15s1b2m9",
    "fields": {
        "session_data": ".eJxVjDsOwjAQBe_iGlmJnPWHkp4zRG93HRxAjpRPhbg7REoB7ZuZ9zI9trX025LnflRzNq05_W4MeeS6A72j3iYrU13nke2u2IMu9jppfl4O9--gYCnf2rWETgXw6oZGoTGlAbETGhRBfAzEjRNiapAcOx-YOVDOGcyeYN4fDto5SQ:1sf0FC:NsSV1GOWT_TBaib64LH3w7ohJxc8-728J4vlevtZA6s",
        "expire_date": "2024-08-30T16:56:06.732Z"
    }
},
{
    "model": "sessions.session",
    "pk": "1fda0b2z9pr7wmx4kjwieaqe1cjs6qj7",
    "fields": {
        "session_data": ".eJxVjDsOwjAQBe_iGlmJnPWHkp4zRG93HRxAjpRPhbg7REoB7ZuZ9zI9trX025LnflRzNq05_W4MeeS6A72j3iYrU13nke2u2IMu9jppfl4O9--gYCnf2rWETgXw6oZGoTGlAbETGhRBfAzEjRNiapAcOx-YOVDOGcyeYN4fDto5SQ:1sdH26:4ld6IA1OJfwAOBBvGr4_PcWMGM4sPKA10Vd2NLj1jMk",
        "expire_date": "2024-08-11T22:32:26.791Z"
    }
},
{
    "model": "sessions.session",
    "pk": "1qrrbee301ndybf4kde9flixl30tbtwt",
    "fields": {
        "session_data": ".eJxVjDsOwjAQBe_iGlmJnPWHkp4zRG93HRxAjpRPhbg7REoB7ZuZ9zI9trX025LnflRzNq05_W4MeeS6A72j3iYrU13nke2u2IMu9jppfl4O9--gYCnf2rWETgXw6oZGoTGlAbETGhRBfAzEjRNiapAcOx-YOVDOGcyeYN4fDto5SQ:1sd83V:qTE5x531AmdV2H7AZDHIKLjgnVPkykJ0KGpAHbdEQLA",
        "expire_date": "2024-08-11T12:57:17.897Z"
    }
},
{
    "model": "sessions.session",
    "pk": "2ifg9fqqhfi4ljm7gnt51t4omoq9grwj",
    "fields": {
        "session_data": ".eJxVjDsOwjAQBe_iGlmJnPWHkp4zRG93HRxAjpRPhbg7REoB7ZuZ9zI9trX025LnflRzNq05_W4MeeS6A72j3iYrU13nke2u2IMu9jppfl4O9--gYCnf2rWETgXw6oZGoTGlAbETGhRBfAzEjRNiapAcOx-YOVDOGcyeYN4fDto5SQ:1sd8HF:iHVh73aw8an3HquqrEOuUSD7K9TIbBGEpTKSrRwhHG4",
        "expire_date": "2024-08-11T13:11:29.255Z"
    }
},
{
    "model": "sessions.session",
    "pk": "2zkowg8jb2vygz7d5gspevchtkrtfwgb",
    "fields": {
        "session_data": ".eJxVjDsOwjAQBe_iGlmJnPWHkp4zRG93HRxAjpRPhbg7REoB7ZuZ9zI9trX025LnflRzNq05_W4MeeS6A72j3iYrU13nke2u2IMu9jppfl4O9--gYCnf2rWETgXw6oZGoTGlAbETGhRBfAzEjRNiapAcOx-YOVDOGcyeYN4fDto5SQ:1sdJWx:c1zhOsMbF2dJNyOWFhoK20NKwHdTOunHlZ_Kv1cp1sY",
        "expire_date": "2024-08-12T01:12:27.540Z"
    }
},
{
    "model": "sessions.session",
    "pk": "4rnmf86i75b0ci29l33e89ig23d13i39",
    "fields": {
        "session_data": ".eJxVjDsOwjAQBe_iGlmJnPWHkp4zRG93HRxAjpRPhbg7REoB7ZuZ9zI9trX025LnflRzNq05_W4MeeS6A72j3iYrU13nke2u2IMu9jppfl4O9--gYCnf2rWETgXw6oZGoTGlAbETGhRBfAzEjRNiapAcOx-YOVDOGcyeYN4fDto5SQ:1sdJie:ftvWCihkOqlONannib-1zlqqpgnYWMPuX5_OvQl6OY0",
        "expire_date": "2024-08-12T01:24:32.117Z"
    }
},
{
    "model": "sessions.session",
    "pk": "5auh7w5v4bfjlfpdo54q7da6hd98guui",
    "fields": {
        "session_data": ".eJxVjDsOwjAQBe_iGlmJnPWHkp4zRG93HRxAjpRPhbg7REoB7ZuZ9zI9trX025LnflRzNq05_W4MeeS6A72j3iYrU13nke2u2IMu9jppfl4O9--gYCnf2rWETgXw6oZGoTGlAbETGhRBfAzEjRNiapAcOx-YOVDOGcyeYN4fDto5SQ:1sdGwq:ODnnCtdusNt994dN3KvyOpdUze-uNrxuBdJTk4d-4To",
        "expire_date": "2024-08-11T22:27:00.702Z"
    }
},
{
    "model": "sessions.session",
    "pk": "6unfn64datd4rjg9l11ixlhwvk7mekjm",
    "fields": {
        "session_data": ".eJxVjDsOwjAQBe_iGlmJnPWHkp4zRG93HRxAjpRPhbg7REoB7ZuZ9zI9trX025LnflRzNq05_W4MeeS6A72j3iYrU13nke2u2IMu9jppfl4O9--gYCnf2rWETgXw6oZGoTGlAbETGhRBfAzEjRNiapAcOx-YOVDOGcyeYN4fDto5SQ:1sdJAJ:msswToBFCfrnJ7H0wSAQYSeiJTl7pr9A1Br7tDWnhUU",
        "expire_date": "2024-08-12T00:49:03.752Z"
    }
},
{
    "model": "sessions.session",
    "pk": "7ps2fwxqgoosjafa544cqaxrfvj32a1s",
    "fields": {
        "session_data": ".eJxVjDsOwjAQBe_iGlmJnPWHkp4zRG93HRxAjpRPhbg7REoB7ZuZ9zI9trX025LnflRzNq05_W4MeeS6A72j3iYrU13nke2u2IMu9jppfl4O9--gYCnf2rWETgXw6oZGoTGlAbETGhRBfAzEjRNiapAcOx-YOVDOGcyeYN4fDto5SQ:1sezh5:a29HKAnz15bn3pbEOQY2MKjw2Y8egH05_ZhhHQnVLoA",
        "expire_date": "2024-08-30T16:20:51.700Z"
    }
},
{
    "model": "sessions.session",
    "pk": "8czof061b7bwcrge4swg76i8e2hi07uo",
    "fields": {
        "session_data": ".eJxVjDsOwjAQBe_iGlmJnPWHkp4zRG93HRxAjpRPhbg7REoB7ZuZ9zI9trX025LnflRzNq05_W4MeeS6A72j3iYrU13nke2u2IMu9jppfl4O9--gYCnf2rWETgXw6oZGoTGlAbETGhRBfAzEjRNiapAcOx-YOVDOGcyeYN4fDto5SQ:1sdJRy:TGnwT5wW2QopM8ymoVYrVcRei74x5gwXBk5rAg91vXg",
        "expire_date": "2024-08-12T01:07:18.070Z"
    }
},
{
    "model": "sessions.session",
    "pk": "ae3z9iyih3wyigdp7v2yspg0qvfk4t8p",
    "fields": {
        "session_data": ".eJxVjDsOwjAQBe_iGlmJnPWHkp4zRG93HRxAjpRPhbg7REoB7ZuZ9zI9trX025LnflRzNq05_W4MeeS6A72j3iYrU13nke2u2IMu9jppfl4O9--gYCnf2rWETgXw6oZGoTGlAbETGhRBfAzEjRNiapAcOx-YOVDOGcyeYN4fDto5SQ:1sdHGc:CAHV-AMrVZjv9UCq-ql4J0LJcaZfKuzZoAWup_iSJOQ",
        "expire_date": "2024-08-11T22:47:26.435Z"
    }
},
{
    "model": "sessions.session",
    "pk": "b2c7ebllkpcgszmjmbxug0udxj0d91nq",
    "fields": {
        "session_data": ".eJxVjDsOwjAQBe_iGlmJnPWHkp4zRG93HRxAjpRPhbg7REoB7ZuZ9zI9trX025LnflRzNq05_W4MeeS6A72j3iYrU13nke2u2IMu9jppfl4O9--gYCnf2rWETgXw6oZGoTGlAbETGhRBfAzEjRNiapAcOx-YOVDOGcyeYN4fDto5SQ:1sdIEw:Xb7RHTNQQuw4XR4NNyB_-1XdGJfyM2F47P3cQscInQk",
        "expire_date": "2024-08-11T23:49:46.229Z"
    }
},
{
    "model": "sessions.session",
    "pk": "bamsnr8otqyza37p4eoy1q6ef49kp7id",
    "fields": {
        "session_data": ".eJxVjDsOwjAQBe_iGlmJnPWHkp4zRG93HRxAjpRPhbg7REoB7ZuZ9zI9trX025LnflRzNq05_W4MeeS6A72j3iYrU13nke2u2IMu9jppfl4O9--gYCnf2rWETgXw6oZGoTGlAbETGhRBfAzEjRNiapAcOx-YOVDOGcyeYN4fDto5SQ:1sdAo9:ghGiVb7skVX-wqE9N9Pr3P4Js_yf0HRwewhg-Gb7oTk",
        "expire_date": "2024-08-11T15:53:37.963Z"
    }
},
{
    "model": "sessions.session",
    "pk": "cjr57zy4miuwi843enad232rllv3ylxp",
    "fields": {
        "session_data": ".eJxVjDsOwjAQBe_iGlmJnPWHkp4zRG93HRxAjpRPhbg7REoB7ZuZ9zI9trX025LnflRzNq05_W4MeeS6A72j3iYrU13nke2u2IMu9jppfl4O9--gYCnf2rWETgXw6oZGoTGlAbETGhRBfAzEjRNiapAcOx-YOVDOGcyeYN4fDto5SQ:1sdIro:AUEkN5z1QguLyuckFAGb3NTMnQV3j0_HEVk4FtWwsrQ",
        "expire_date": "2024-08-12T00:29:56.162Z"
    }
},
{
    "model": "sessions.session",
    "pk": "dzkyl41uz5xs7yfhcnnuxbs8alsxfrig",
    "fields": {
        "session_data": ".eJxVjDsOwjAQBe_iGlmJnPWHkp4zRG93HRxAjpRPhbg7REoB7ZuZ9zI9trX025LnflRzNq05_W4MeeS6A72j3iYrU13nke2u2IMu9jppfl4O9--gYCnf2rWETgXw6oZGoTGlAbETGhRBfAzEjRNiapAcOx-YOVDOGcyeYN4fDto5SQ:1sdIJz:uGUHJ_kmilndf-GnnE5Rf3_7WeCquWW6E65ut0h4nak",
        "expire_date": "2024-08-11T23:54:59.117Z"
    }
},
{
    "model": "sessions.session",
    "pk": "g2pkfpxjmneody5tyt2i8k6g5x9nbf7p",
    "fields": {
        "session_data": ".eJxVjDsOwjAQBe_iGlmJnPWHkp4zRG93HRxAjpRPhbg7REoB7ZuZ9zI9trX025LnflRzNq05_W4MeeS6A72j3iYrU13nke2u2IMu9jppfl4O9--gYCnf2rWETgXw6oZGoTGlAbETGhRBfAzEjRNiapAcOx-YOVDOGcyeYN4fDto5SQ:1sdK0u:gVCFTwG8gBDu-EZk9DcSuv4u5L56LJic_LMeC_XE6dI",
        "expire_date": "2024-08-12T01:43:24.860Z"
    }
},
{
    "model": "sessions.session",
    "pk": "guln3u61jw25qvgolkzuqfzn1euc3xs8",
    "fields": {
        "session_data": ".eJxVjEEOwiAQRe_C2pAO2M7UpfuegTAMSNVAUtqV8e7apAvd_vfefynntzW7rcXFzaIuCtTpd2MfHrHsQO6-3KoOtazLzHpX9EGbnqrE5_Vw_w6yb_lboyWbOhmNxzMA4gC9CYQ9W8OJkZA42ZEwUBcZhJmFB8SIVkbogNT7A8EbN1c:1sfSNE:pJS4hM84B5BCoVUSu6nc6B0AatERpvk0Szv0MT3CgoA",
        "expire_date": "2024-08-31T22:58:16.203Z"
    }
},
{
    "model": "sessions.session",
    "pk": "ia2cebw51klqcvjzupl813nlmosw2yck",
    "fields": {
        "session_data": ".eJxVjDsOwjAQBe_iGlmJnPWHkp4zRG93HRxAjpRPhbg7REoB7ZuZ9zI9trX025LnflRzNq05_W4MeeS6A72j3iYrU13nke2u2IMu9jppfl4O9--gYCnf2rWETgXw6oZGoTGlAbETGhRBfAzEjRNiapAcOx-YOVDOGcyeYN4fDto5SQ:1sdJ52:2s0Z7aried2BH7Yt4aw0Ezoypiw800UhbhquLaezhDY",
        "expire_date": "2024-08-12T00:43:36.780Z"
    }
},
{
    "model": "sessions.session",
    "pk": "jjbbrssiw6eyhbrd43p891s38foj83g5",
    "fields": {
        "session_data": ".eJxVjDsOwjAQBe_iGlmJnPWHkp4zRG93HRxAjpRPhbg7REoB7ZuZ9zI9trX025LnflRzNq05_W4MeeS6A72j3iYrU13nke2u2IMu9jppfl4O9--gYCnf2rWETgXw6oZGoTGlAbETGhRBfAzEjRNiapAcOx-YOVDOGcyeYN4fDto5SQ:1sdK6E:kc86z08jY9OIa4-Iw49HEHokOuMb9q9k0baldwmV20s",
        "expire_date": "2024-08-12T01:48:54.337Z"
    }
},
{
    "model": "sessions.session",
    "pk": "jxwuq82qob5sr0ugd96vooeiuiqquilp",
    "fields": {
        "session_data": ".eJxVjDsOwjAQBe_iGlmJnPWHkp4zRG93HRxAjpRPhbg7REoB7ZuZ9zI9trX025LnflRzNq05_W4MeeS6A72j3iYrU13nke2u2IMu9jppfl4O9--gYCnf2rWETgXw6oZGoTGlAbETGhRBfAzEjRNiapAcOx-YOVDOGcyeYN4fDto5SQ:1sd9bb:K9YyOX8Vkma9WYwKskG5tOAwXLjiOSWT7kGPJ9_zp2Q",
        "expire_date": "2024-08-11T14:36:35.693Z"
    }
},
{
    "model": "sessions.session",
    "pk": "l50xgueujbxk6sru79jj86mfosekfn56",
    "fields": {
        "session_data": ".eJxVjDsOwjAQBe_iGlmJnPWHkp4zRG93HRxAjpRPhbg7REoB7ZuZ9zI9trX025LnflRzNq05_W4MeeS6A72j3iYrU13nke2u2IMu9jppfl4O9--gYCnf2rWETgXw6oZGoTGlAbETGhRBfAzEjRNiapAcOx-YOVDOGcyeYN4fDto5SQ:1sd9OJ:qOBgec-ZqDlgx1Z7Ph-Mlc8inBpalEOhYWS5paWaBQk",
        "expire_date": "2024-08-11T14:22:51.613Z"
    }
},
{
    "model": "sessions.session",
    "pk": "m6l5pghm9buifrl9487yairo7w8t14km",
    "fields": {
        "session_data": ".eJxVjDsOwjAQBe_iGlmJnPWHkp4zRG93HRxAjpRPhbg7REoB7ZuZ9zI9trX025LnflRzNq05_W4MeeS6A72j3iYrU13nke2u2IMu9jppfl4O9--gYCnf2rWETgXw6oZGoTGlAbETGhRBfAzEjRNiapAcOx-YOVDOGcyeYN4fDto5SQ:1sdI3P:9rcbfrsr7yuWRKFf998GKHCvNdYIUkb1GRixYZpuqb4",
        "expire_date": "2024-08-11T23:37:51.200Z"
    }
},
{
    "model": "sessions.session",
    "pk": "n69is1xa5tkylz5u1ka7a7jsmlvmybd1",
    "fields": {
        "session_data": ".eJxVjDsOwjAQBe_iGlmJnPWHkp4zRG93HRxAjpRPhbg7REoB7ZuZ9zI9trX025LnflRzNq05_W4MeeS6A72j3iYrU13nke2u2IMu9jppfl4O9--gYCnf2rWETgXw6oZGoTGlAbETGhRBfAzEjRNiapAcOx-YOVDOGcyeYN4fDto5SQ:1sd897:cNIU2ex-SKFoGL0XcAwPA7dxCh75MXDgGzHQQzqMf6Q",
        "expire_date": "2024-08-11T13:03:05.480Z"
    }
},
{
    "model": "sessions.session",
    "pk": "pspegx1awwc5vw8kd721id634gk5iuos",
    "fields": {
        "session_data": ".eJxVjDsOwjAQBe_iGlmJnPWHkp4zRG93HRxAjpRPhbg7REoB7ZuZ9zI9trX025LnflRzNq05_W4MeeS6A72j3iYrU13nke2u2IMu9jppfl4O9--gYCnf2rWETgXw6oZGoTGlAbETGhRBfAzEjRNiapAcOx-YOVDOGcyeYN4fDto5SQ:1sdAiu:azNOu-lwlHzpAdBTXNFACDYoPfD2hgj5U32HN212bA8",
        "expire_date": "2024-08-11T15:48:12.896Z"
    }
},
{
    "model": "sessions.session",
    "pk": "qpg5mmgtp587ybh479ecikzufll6estk",
    "fields": {
        "session_data": ".eJxVjDsOwjAQBe_iGlmJnPWHkp4zRG93HRxAjpRPhbg7REoB7ZuZ9zI9trX025LnflRzNq05_W4MeeS6A72j3iYrU13nke2u2IMu9jppfl4O9--gYCnf2rWETgXw6oZGoTGlAbETGhRBfAzEjRNiapAcOx-YOVDOGcyeYN4fDto5SQ:1sdAc9:NYGvP_XIQN2crSqK5Ks3Xzwr7nvclOap-8UiSUbuYHo",
        "expire_date": "2024-08-11T15:41:13.888Z"
    }
},
{
    "model": "sessions.session",
    "pk": "qyvdivav5ofhf3ff9od35t7orp6r9xv6",
    "fields": {
        "session_data": ".eJxVjDsOwjAQBe_iGlmJnPWHkp4zRG93HRxAjpRPhbg7REoB7ZuZ9zI9trX025LnflRzNq05_W4MeeS6A72j3iYrU13nke2u2IMu9jppfl4O9--gYCnf2rWETgXw6oZGoTGlAbETGhRBfAzEjRNiapAcOx-YOVDOGcyeYN4fDto5SQ:1sdJLr:nXNCmdchX_FX2N3OIjm8N_SkRK4FdT6w0y1z1Q_Un74",
        "expire_date": "2024-08-12T01:00:59.573Z"
    }
},
{
    "model": "sessions.session",
    "pk": "rpx2x342va84gdx2d6joyeqm5umwij8k",
    "fields": {
        "session_data": ".eJxVjDsOwjAQBe_iGlmJnPWHkp4zRG93HRxAjpRPhbg7REoB7ZuZ9zI9trX025LnflRzNq05_W4MeeS6A72j3iYrU13nke2u2IMu9jppfl4O9--gYCnf2rWETgXw6oZGoTGlAbETGhRBfAzEjRNiapAcOx-YOVDOGcyeYN4fDto5SQ:1sdJcc:WAt3EMm2cn_p55xl334xm8P5cyOkUZYsOLkLGyz_xts",
        "expire_date": "2024-08-12T01:18:18.237Z"
    }
},
{
    "model": "sessions.session",
    "pk": "t7mhglxcupfi0j7auqcaa260r0hogfm0",
    "fields": {
        "session_data": ".eJxVjDsOwjAQBe_iGlmJnPWHkp4zRG93HRxAjpRPhbg7REoB7ZuZ9zI9trX025LnflRzNq05_W4MeeS6A72j3iYrU13nke2u2IMu9jppfl4O9--gYCnf2rWETgXw6oZGoTGlAbETGhRBfAzEjRNiapAcOx-YOVDOGcyeYN4fDto5SQ:1sdIlG:YB2PlhlxnI1dx8Ck1SYPt5-tIbB7o29VcnmCkG8ZxAw",
        "expire_date": "2024-08-12T00:23:10.021Z"
    }
},
{
    "model": "sessions.session",
    "pk": "tmzp5k9zpzoqcv205rw371bxnus6kzu5",
    "fields": {
        "session_data": ".eJxVjDsOwjAQBe_iGlmJnPWHkp4zRG93HRxAjpRPhbg7REoB7ZuZ9zI9trX025LnflRzNq05_W4MeeS6A72j3iYrU13nke2u2IMu9jppfl4O9--gYCnf2rWETgXw6oZGoTGlAbETGhRBfAzEjRNiapAcOx-YOVDOGcyeYN4fDto5SQ:1sd8Y1:qshkOfE9rAX0NMDWcEWtqg_Lhb9FLDYjDezWK26K4EY",
        "expire_date": "2024-08-11T13:28:49.243Z"
    }
},
{
    "model": "sessions.session",
    "pk": "ukrk26qgt9o6pducyi7sjarf2i16x0g2",
    "fields": {
        "session_data": ".eJxVjEEOwiAQRe_C2pAWSqEu3fcMZBhmpGogKe3KeHdp0oVu33v_v4WHfUt-r7T6JYqrMOLyywLgk_Ih4gPyvUgseVuXII9EnrbKuUR63c727yBBTW2tlYWgNFhDjlXXE-OgA46BTAeuAbbNTRG1AWU59qTdNA6GmFkjkvh8Ae1MOJQ:1sdHt3:iZ9OoktJWDeQ8PF6DcEGFAcKHEZwSnHKMdCfG3km-rE",
        "expire_date": "2024-08-11T23:27:09.140Z"
    }
},
{
    "model": "sessions.session",
    "pk": "upt2fvtfuuc5jbtugd8z469cbo8j56gf",
    "fields": {
        "session_data": ".eJxVjDsOwjAQBe_iGlmJnPWHkp4zRG93HRxAjpRPhbg7REoB7ZuZ9zI9trX025LnflRzNq05_W4MeeS6A72j3iYrU13nke2u2IMu9jppfl4O9--gYCnf2rWETgXw6oZGoTGlAbETGhRBfAzEjRNiapAcOx-YOVDOGcyeYN4fDto5SQ:1sd8Mp:dCk3qcYo1huWgQ8YDgIIVcXYSusLHZU2C6gZ4Cz33WA",
        "expire_date": "2024-08-11T13:17:15.918Z"
    }
},
{
    "model": "sessions.session",
    "pk": "uxruad54vk7y3w3mfolnuvqjezoq9taw",
    "fields": {
        "session_data": ".eJxVjEEOwiAQRe_C2pAphQIu3XsGMjCDVA0kpV0Z765NutDtf-_9lwi4rSVsnZcwkzgLBeL0O0ZMD647oTvWW5Op1XWZo9wVedAur434eTncv4OCvXxrMGB4sE77yRvm5IYxGQ8KHJlMxDZ6rSkrS4liBs7IqLVykwJvx5HF-wP4ujgV:1sfTSi:iPTrieje-B87FvBMwndLByRKc19papac0ELvUATePFE",
        "expire_date": "2024-09-01T00:08:00.637Z"
    }
},
{
    "model": "sessions.session",
    "pk": "vfb92q3zpvzx7pcgl4s3l5phkf17zkkp",
    "fields": {
        "session_data": ".eJxVjDsOwjAQBe_iGlmJnPWHkp4zRG93HRxAjpRPhbg7REoB7ZuZ9zI9trX025LnflRzNq05_W4MeeS6A72j3iYrU13nke2u2IMu9jppfl4O9--gYCnf2rWETgXw6oZGoTGlAbETGhRBfAzEjRNiapAcOx-YOVDOGcyeYN4fDto5SQ:1sf57X:kXt9EoPN8CKuTKkBxEe5JevhUSkVT2MYf_2TlD_5iMM",
        "expire_date": "2024-08-30T22:08:31.941Z"
    }
},
{
    "model": "sessions.session",
    "pk": "w4ogutuy92zt77gso6h0k6hh3s8vsigp",
    "fields": {
        "session_data": ".eJxVjDsOwjAQBe_iGlmJnPWHkp4zRG93HRxAjpRPhbg7REoB7ZuZ9zI9trX025LnflRzNq05_W4MeeS6A72j3iYrU13nke2u2IMu9jppfl4O9--gYCnf2rWETgXw6oZGoTGlAbETGhRBfAzEjRNiapAcOx-YOVDOGcyeYN4fDto5SQ:1sdJGK:oVoqqug0FNqciMXHcvz3bozOGnuNTT_JSgO7PHKAXjE",
        "expire_date": "2024-08-12T00:55:16.864Z"
    }
},
{
    "model": "sessions.session",
    "pk": "wbinnk8ff2urarr8on4q9xyydynrka5r",
    "fields": {
        "session_data": ".eJxVjDsOwjAQBe_iGlmJnPWHkp4zRG93HRxAjpRPhbg7REoB7ZuZ9zI9trX025LnflRzNq05_W4MeeS6A72j3iYrU13nke2u2IMu9jppfl4O9--gYCnf2rWETgXw6oZGoTGlAbETGhRBfAzEjRNiapAcOx-YOVDOGcyeYN4fDto5SQ:1sd8ws:72vzUwDza7Ato_U3mHv28SfZ8mxY9D3cH92ttNZ_V28",
        "expire_date": "2024-08-11T13:54:30.638Z"
    }
},
{
    "model": "sessions.session",
    "pk": "wppltdtvxahzgnxiq69dnxoajvf4vkxw",
    "fields": {
        "session_data": ".eJxVjDsOwjAQBe_iGlmJnPWHkp4zRG93HRxAjpRPhbg7REoB7ZuZ9zI9trX025LnflRzNq05_W4MeeS6A72j3iYrU13nke2u2IMu9jppfl4O9--gYCnf2rWETgXw6oZGoTGlAbETGhRBfAzEjRNiapAcOx-YOVDOGcyeYN4fDto5SQ:1sdHMm:3AyU76pocmmCAB3hKfh1sM38TCsBRa0pzR1Cjldh25Q",
        "expire_date": "2024-08-11T22:53:48.520Z"
    }
},
{
    "model": "sessions.session",
    "pk": "xaj1ei1a3edr9p4g7vli8cqpdsm6l2wq",
    "fields": {
        "session_data": ".eJxVjDsOwjAQBe_iGlmJnPWHkp4zRG93HRxAjpRPhbg7REoB7ZuZ9zI9trX025LnflRzNq05_W4MeeS6A72j3iYrU13nke2u2IMu9jppfl4O9--gYCnf2rWETgXw6oZGoTGlAbETGhRBfAzEjRNiapAcOx-YOVDOGcyeYN4fDto5SQ:1sdJqg:hXAPLFMdbzWRHcGhpnTS6J4zEticon1bFNg5k3aFFkU",
        "expire_date": "2024-08-12T01:32:50.841Z"
    }
},
{
    "model": "sessions.session",
    "pk": "zz0x39xer5bbjazpygg5e4njb8v0r7yu",
    "fields": {
        "session_data": ".eJxVjDsOwjAQBe_iGlmJnPWHkp4zRG93HRxAjpRPhbg7REoB7ZuZ9zI9trX025LnflRzNq05_W4MeeS6A72j3iYrU13nke2u2IMu9jppfl4O9--gYCnf2rWETgXw6oZGoTGlAbETGhRBfAzEjRNiapAcOx-YOVDOGcyeYN4fDto5SQ:1sb7Lm:g4FBQUFUDkeNeNiinMq8PDiQyU6-S3Wv5qEt1ddyikM",
        "expire_date": "2024-08-19T23:42:50.000Z"
    }
},
{
    "model": "dashboard.tax",
    "pk": 1,
    "fields": {
        "percentage": "5.00",
        "date": "2024-08-11"
    }
},
{
    "model": "dashboard.families",
    "pk": "062d1104-47c3-4d7e-aa1d-02c14802b91d",
    "fields": {
        "name": "الريم عبدالله",
        "number": "+96894438839",
        "address": "عمان",
        "gender": "Female",
        "the_state": "عمان",
        "manager": 4,
        "payment_link": "لا يوجد",
        "is_active": true,
        "created_at": "2024-08-17T23:16:45.731Z"
    }
},
{
    "model": "dashboard.families",
    "pk": "2658f46c-ac44-444c-80ef-89669addb394",
    "fields": {
        "name": "عمر وائل",
        "number": "+4745524012",
        "address": "هولندا",
        "gender": "Male",
        "the_state": "هولندا",
        "manager": 4,
        "payment_link": "لا يوجد",
        "is_active": true,
        "created_at": "2024-08-17T23:02:49.943Z"
    }
},
{
    "model": "dashboard.families",
    "pk": "2685098d-14fc-4991-8ce0-aa694ba0e03b",
    "fields": {
        "name": "الزبير طارق",
        "number": "+447848463067",
        "address": "بريطانيا",
        "gender": "Male",
        "the_state": "بريطانيا",
        "manager": 4,
        "payment_link": "لا يوجد",
        "is_active": true,
        "created_at": "2024-08-17T23:26:45.807Z"
    }
},
{
    "model": "dashboard.families",
    "pk": "2d1f3b4e-44fb-4447-afa5-edf187c64575",
    "fields": {
        "name": "ربيع ونرجس",
        "number": "+4917687987815",
        "address": "المانيا",
        "gender": "Male",
        "the_state": "المانيا",
        "manager": 4,
        "payment_link": "لا يوجد",
        "is_active": true,
        "created_at": "2024-08-18T00:17:58.357Z"
    }
},
{
    "model": "dashboard.families",
    "pk": "39a26eea-f9bd-432a-95c9-035e1a2f4fd8",
    "fields": {
        "name": "يزن ادم",
        "number": "+4917641772854",
        "address": "المانيا",
        "gender": "Male",
        "the_state": "المانيا",
        "manager": 4,
        "payment_link": null,
        "is_active": true,
        "created_at": "2024-08-17T00:17:02.421Z"
    }
},
{
    "model": "dashboard.families",
    "pk": "4e1a98b7-74cc-4a17-b76f-169a51992610",
    "fields": {
        "name": "محمد عبد الرحمن",
        "number": "+353851189405",
        "address": "ايرلندا",
        "gender": "Male",
        "the_state": "ايرلندا",
        "manager": 4,
        "payment_link": "لا يوجد",
        "is_active": true,
        "created_at": "2024-08-18T00:02:40.748Z"
    }
},
{
    "model": "dashboard.families",
    "pk": "5186aa22-c838-4bbc-94e9-4561e28e0828",
    "fields": {
        "name": "مريم جوده",
        "number": "+31627526095",
        "address": "هولندا",
        "gender": "Female",
        "the_state": "هولندا",
        "manager": 4,
        "payment_link": "لا يوجد",
        "is_active": true,
        "created_at": "2024-08-17T00:26:04.275Z"
    }
},
{
    "model": "dashboard.families",
    "pk": "5614472b-8d7b-4798-a1b0-d281ba452686",
    "fields": {
        "name": "تامر غزاونه",
        "number": "01016773464",
        "address": "امريكا",
        "gender": "Male",
        "the_state": "نيويورك",
        "manager": 2,
        "payment_link": "لا يوجد",
        "is_active": false,
        "created_at": "2024-08-11T22:25:58.085Z"
    }
},
{
    "model": "dashboard.families",
    "pk": "69b6b35e-afac-47fc-bc7e-e91ac7da7636",
    "fields": {
        "name": "نوار محمد",
        "number": "+447730586813",
        "address": "بريطانيا",
        "gender": "Female",
        "the_state": "بريطانيا",
        "manager": 4,
        "payment_link": "لا يوجد",
        "is_active": true,
        "created_at": "2024-08-17T00:32:05.956Z"
    }
},
{
    "model": "dashboard.families",
    "pk": "6a1b2c62-dc56-4673-9912-563f44fa9d59",
    "fields": {
        "name": "محمود احمد",
        "number": "+441217730218",
        "address": "برطانيا",
        "gender": "Male",
        "the_state": "برطانيا",
        "manager": 1,
        "payment_link": null,
        "is_active": false,
        "created_at": "2024-08-16T19:09:58.901Z"
    }
},
{
    "model": "dashboard.families",
    "pk": "72971639-7103-42a9-b098-2598076ea526",
    "fields": {
        "name": "جاد العابد",
        "number": "+447888250121",
        "address": "بريطانيا",
        "gender": "Male",
        "the_state": "بريطانيا",
        "manager": 4,
        "payment_link": "لا يوجد",
        "is_active": true,
        "created_at": "2024-08-17T00:28:39.166Z"
    }
},
{
    "model": "dashboard.families",
    "pk": "73a46b4b-8577-48d0-a7f8-4abe34f70908",
    "fields": {
        "name": "مصطفي محمد",
        "number": "+447340802700",
        "address": "بريطانيا",
        "gender": "Male",
        "the_state": "بريطانيا",
        "manager": 4,
        "payment_link": "لا يوجد",
        "is_active": true,
        "created_at": "2024-08-17T00:23:34.766Z"
    }
},
{
    "model": "dashboard.families",
    "pk": "7af29410-524b-4d10-bd12-9f620bf07fa8",
    "fields": {
        "name": "سجى سالم",
        "number": "+96892944365",
        "address": "عمان",
        "gender": "Female",
        "the_state": "عمان",
        "manager": 4,
        "payment_link": "لا يوجد",
        "is_active": true,
        "created_at": "2024-08-17T23:01:27.722Z"
    }
},
{
    "model": "dashboard.families",
    "pk": "80afde76-12c2-40ea-b300-68bb7cccadeb",
    "fields": {
        "name": "علي جمال",
        "number": "+491623521477",
        "address": "المانيا",
        "gender": "Male",
        "the_state": "المانيا",
        "manager": 4,
        "payment_link": "لا يوجد",
        "is_active": true,
        "created_at": "2024-08-17T00:30:10.424Z"
    }
},
{
    "model": "dashboard.families",
    "pk": "93be500b-6638-4072-820f-cba258684afb",
    "fields": {
        "name": "طارق محمد",
        "number": "+353851189405",
        "address": "امريكا",
        "gender": "Male",
        "the_state": "مصر",
        "manager": 3,
        "payment_link": "كك",
        "is_active": true,
        "created_at": "2024-08-16T19:15:22.016Z"
    }
},
{
    "model": "dashboard.families",
    "pk": "bc5cf94e-c57b-4acb-8f5a-17e2bb86c4ec",
    "fields": {
        "name": "محمد الحكماني",
        "number": "+966546679915",
        "address": "عمان",
        "gender": "Male",
        "the_state": "مسقط",
        "manager": 1,
        "payment_link": null,
        "is_active": true,
        "created_at": "2024-08-16T22:32:05.036Z"
    }
},
{
    "model": "dashboard.families",
    "pk": "d02b6044-3ab3-4bd3-8a94-5ddd01a43159",
    "fields": {
        "name": "ايهم وهاني",
        "number": "+4917684342813",
        "address": "المانيا",
        "gender": "Male",
        "the_state": "المانيا",
        "manager": 4,
        "payment_link": "لا يوجد",
        "is_active": true,
        "created_at": "2024-08-18T00:19:18.236Z"
    }
},
{
    "model": "dashboard.families",
    "pk": "e7343004-ff81-4503-a220-b7155840758c",
    "fields": {
        "name": "اروى  عبدالله",
        "number": "+4915208724336",
        "address": "المانيا",
        "gender": "Female",
        "the_state": "المانيا",
        "manager": 4,
        "payment_link": "لا يوجد",
        "is_active": true,
        "created_at": "2024-08-17T23:05:18.602Z"
    }
},
{
    "model": "dashboard.families",
    "pk": "f4470616-2f17-4081-a537-53300bb7815e",
    "fields": {
        "name": "احمد خالد",
        "number": "+96891929447",
        "address": "عمان",
        "gender": "Male",
        "the_state": "عمان",
        "manager": 3,
        "payment_link": null,
        "is_active": false,
        "created_at": "2024-08-16T19:07:44.813Z"
    }
},
{
    "model": "dashboard.student",
    "pk": 1,
    "fields": {
        "family": "5614472b-8d7b-4798-a1b0-d281ba452686",
        "name": "تامر غزاونه",
        "gender": "Male",
        "age": 6,
        "hourly_salary": "6.00",
        "payment_link": "لا يوجد",
        "is_active": false,
        "created_at": "2024-08-11T22:27:57.560Z"
    }
},
{
    "model": "dashboard.student",
    "pk": 2,
    "fields": {
        "family": "5614472b-8d7b-4798-a1b0-d281ba452686",
        "name": "مراد تامر",
        "gender": "Male",
        "age": 10,
        "hourly_salary": "7.00",
        "payment_link": "لا يوجد",
        "is_active": false,
        "created_at": "2024-08-11T23:45:13.833Z"
    }
},
{
    "model": "dashboard.student",
    "pk": 3,
    "fields": {
        "family": "6a1b2c62-dc56-4673-9912-563f44fa9d59",
        "name": "اري احمد",
        "gender": "Male",
        "age": -9,
        "hourly_salary": "-0.03",
        "payment_link": "كك",
        "is_active": false,
        "created_at": "2024-08-16T19:11:53.349Z"
    }
},
{
    "model": "dashboard.student",
    "pk": 4,
    "fields": {
        "family": "93be500b-6638-4072-820f-cba258684afb",
        "name": "احمد",
        "gender": "Male",
        "age": 8,
        "hourly_salary": "5.00",
        "payment_link": "كك",
        "is_active": false,
        "created_at": "2024-08-16T19:16:14.125Z"
    }
},
{
    "model": "dashboard.student",
    "pk": 5,
    "fields": {
        "family": "93be500b-6638-4072-820f-cba258684afb",
        "name": "علي محمد",
        "gender": "Male",
        "age": 5,
        "hourly_salary": "5.00",
        "payment_link": "ككثب",
        "is_active": false,
        "created_at": "2024-08-16T19:21:16.946Z"
    }
},
{
    "model": "dashboard.student",
    "pk": 6,
    "fields": {
        "family": "93be500b-6638-4072-820f-cba258684afb",
        "name": "عمر",
        "gender": "Male",
        "age": 8,
        "hourly_salary": "5.00",
        "payment_link": "ضصثاتةو",
        "is_active": false,
        "created_at": "2024-08-16T19:22:03.746Z"
    }
},
{
    "model": "dashboard.student",
    "pk": 7,
    "fields": {
        "family": "bc5cf94e-c57b-4acb-8f5a-17e2bb86c4ec",
        "name": "محمد",
        "gender": "Male",
        "age": 13,
        "hourly_salary": "3.00",
        "payment_link": "يبلاتة",
        "is_active": false,
        "created_at": "2024-08-16T22:33:42.926Z"
    }
},
{
    "model": "dashboard.student",
    "pk": 8,
    "fields": {
        "family": "69b6b35e-afac-47fc-bc7e-e91ac7da7636",
        "name": "نورا",
        "gender": "Female",
        "age": 16,
        "hourly_salary": "6.00",
        "payment_link": "لا يوجد",
        "is_active": true,
        "created_at": "2024-08-17T00:41:53.728Z"
    }
},
{
    "model": "dashboard.student",
    "pk": 9,
    "fields": {
        "family": "72971639-7103-42a9-b098-2598076ea526",
        "name": "ندى العابد",
        "gender": "Female",
        "age": 15,
        "hourly_salary": "5.00",
        "payment_link": "لا يوجد",
        "is_active": true,
        "created_at": "2024-08-17T00:42:39.728Z"
    }
},
{
    "model": "dashboard.student",
    "pk": 10,
    "fields": {
        "family": "39a26eea-f9bd-432a-95c9-035e1a2f4fd8",
        "name": "يزن ادم",
        "gender": "Male",
        "age": 7,
        "hourly_salary": "5.00",
        "payment_link": "لا يوجد",
        "is_active": true,
        "created_at": "2024-08-17T00:43:16.261Z"
    }
},
{
    "model": "dashboard.student",
    "pk": 11,
    "fields": {
        "family": "5186aa22-c838-4bbc-94e9-4561e28e0828",
        "name": "مريم",
        "gender": "Female",
        "age": 30,
        "hourly_salary": "7.00",
        "payment_link": "لا يوجد",
        "is_active": true,
        "created_at": "2024-08-17T00:44:25.922Z"
    }
},
{
    "model": "dashboard.student",
    "pk": 12,
    "fields": {
        "family": "5186aa22-c838-4bbc-94e9-4561e28e0828",
        "name": "ليلى",
        "gender": "Female",
        "age": 5,
        "hourly_salary": "7.00",
        "payment_link": "لا يوجد",
        "is_active": true,
        "created_at": "2024-08-17T00:45:00.794Z"
    }
},
{
    "model": "dashboard.student",
    "pk": 13,
    "fields": {
        "family": "80afde76-12c2-40ea-b300-68bb7cccadeb",
        "name": "جود",
        "gender": "Male",
        "age": 7,
        "hourly_salary": "4.00",
        "payment_link": "لا يوجد",
        "is_active": true,
        "created_at": "2024-08-17T00:45:35.959Z"
    }
},
{
    "model": "dashboard.student",
    "pk": 14,
    "fields": {
        "family": "73a46b4b-8577-48d0-a7f8-4abe34f70908",
        "name": "مصطفي",
        "gender": "Male",
        "age": 7,
        "hourly_salary": "6.00",
        "payment_link": "لا يوجد",
        "is_active": true,
        "created_at": "2024-08-17T00:49:10.126Z"
    }
},
{
    "model": "dashboard.student",
    "pk": 15,
    "fields": {
        "family": "73a46b4b-8577-48d0-a7f8-4abe34f70908",
        "name": "ساره",
        "gender": "Female",
        "age": 6,
        "hourly_salary": "6.00",
        "payment_link": "لا يوجد",
        "is_active": true,
        "created_at": "2024-08-17T00:49:34.526Z"
    }
},
{
    "model": "dashboard.student",
    "pk": 16,
    "fields": {
        "family": "e7343004-ff81-4503-a220-b7155840758c",
        "name": "ايه",
        "gender": "Female",
        "age": 6,
        "hourly_salary": "5.00",
        "payment_link": "لا يوجد",
        "is_active": true,
        "created_at": "2024-08-17T23:10:20.655Z"
    }
},
{
    "model": "dashboard.student",
    "pk": 17,
    "fields": {
        "family": "e7343004-ff81-4503-a220-b7155840758c",
        "name": "اروى",
        "gender": "Female",
        "age": 8,
        "hourly_salary": "5.00",
        "payment_link": "لا يوجد",
        "is_active": true,
        "created_at": "2024-08-17T23:11:53.130Z"
    }
},
{
    "model": "dashboard.student",
    "pk": 18,
    "fields": {
        "family": "7af29410-524b-4d10-bd12-9f620bf07fa8",
        "name": "سجى سالم",
        "gender": "Female",
        "age": 11,
        "hourly_salary": "3.00",
        "payment_link": "لا يوجد",
        "is_active": true,
        "created_at": "2024-08-17T23:13:24.904Z"
    }
},
{
    "model": "dashboard.student",
    "pk": 19,
    "fields": {
        "family": "7af29410-524b-4d10-bd12-9f620bf07fa8",
        "name": "سندس",
        "gender": "Female",
        "age": 15,
        "hourly_salary": "3.00",
        "payment_link": "لا يوجد",
        "is_active": true,
        "created_at": "2024-08-17T23:14:16.807Z"
    }
},
{
    "model": "dashboard.student",
    "pk": 20,
    "fields": {
        "family": "2658f46c-ac44-444c-80ef-89669addb394",
        "name": "عمر",
        "gender": "Male",
        "age": 9,
        "hourly_salary": "5.00",
        "payment_link": "لا يوجد",
        "is_active": true,
        "created_at": "2024-08-17T23:14:47.259Z"
    }
},
{
    "model": "dashboard.student",
    "pk": 21,
    "fields": {
        "family": "2658f46c-ac44-444c-80ef-89669addb394",
        "name": "ايه",
        "gender": "Female",
        "age": 8,
        "hourly_salary": "5.00",
        "payment_link": "لا يوجد",
        "is_active": true,
        "created_at": "2024-08-17T23:15:18.440Z"
    }
},
{
    "model": "dashboard.student",
    "pk": 22,
    "fields": {
        "family": "062d1104-47c3-4d7e-aa1d-02c14802b91d",
        "name": "الريم عبدالله",
        "gender": "Female",
        "age": 12,
        "hourly_salary": "3.00",
        "payment_link": "لا يوجد",
        "is_active": true,
        "created_at": "2024-08-17T23:18:20.136Z"
    }
},
{
    "model": "dashboard.student",
    "pk": 23,
    "fields": {
        "family": "72971639-7103-42a9-b098-2598076ea526",
        "name": "جاد العابد",
        "gender": "Male",
        "age": 20,
        "hourly_salary": "5.00",
        "payment_link": "لا يوجد",
        "is_active": true,
        "created_at": "2024-08-17T23:23:53.870Z"
    }
},
{
    "model": "dashboard.student",
    "pk": 24,
    "fields": {
        "family": "80afde76-12c2-40ea-b300-68bb7cccadeb",
        "name": "رامي",
        "gender": "Male",
        "age": 17,
        "hourly_salary": "4.00",
        "payment_link": "لا يوجد",
        "is_active": true,
        "created_at": "2024-08-17T23:24:36.678Z"
    }
},
{
    "model": "dashboard.student",
    "pk": 25,
    "fields": {
        "family": "80afde76-12c2-40ea-b300-68bb7cccadeb",
        "name": "على",
        "gender": "Male",
        "age": 18,
        "hourly_salary": "4.00",
        "payment_link": "لا يوجد",
        "is_active": true,
        "created_at": "2024-08-17T23:25:12.907Z"
    }
},
{
    "model": "dashboard.student",
    "pk": 26,
    "fields": {
        "family": "73a46b4b-8577-48d0-a7f8-4abe34f70908",
        "name": "مصطفي وساره",
        "gender": "Male",
        "age": 7,
        "hourly_salary": "6.00",
        "payment_link": "لا يوجد",
        "is_active": true,
        "created_at": "2024-08-17T23:50:38.813Z"
    }
},
{
    "model": "dashboard.student",
    "pk": 27,
    "fields": {
        "family": "d02b6044-3ab3-4bd3-8a94-5ddd01a43159",
        "name": "ايهم",
        "gender": "Male",
        "age": 5,
        "hourly_salary": "5.00",
        "payment_link": "لا يوجد",
        "is_active": true,
        "created_at": "2024-08-18T00:22:17.089Z"
    }
},
{
    "model": "dashboard.student",
    "pk": 28,
    "fields": {
        "family": "d02b6044-3ab3-4bd3-8a94-5ddd01a43159",
        "name": "هاني",
        "gender": "Male",
        "age": 15,
        "hourly_salary": "5.00",
        "payment_link": "لا يوجد",
        "is_active": true,
        "created_at": "2024-08-18T00:23:04.985Z"
    }
},
{
    "model": "dashboard.student",
    "pk": 29,
    "fields": {
        "family": "2d1f3b4e-44fb-4447-afa5-edf187c64575",
        "name": "ربيع",
        "gender": "Male",
        "age": 13,
        "hourly_salary": "5.00",
        "payment_link": "لا يوجد",
        "is_active": true,
        "created_at": "2024-08-18T00:25:15.536Z"
    }
},
{
    "model": "dashboard.student",
    "pk": 30,
    "fields": {
        "family": "2d1f3b4e-44fb-4447-afa5-edf187c64575",
        "name": "نرجس",
        "gender": "Female",
        "age": 11,
        "hourly_salary": "5.00",
        "payment_link": "لا يوجد",
        "is_active": true,
        "created_at": "2024-08-18T00:27:40.649Z"
    }
},
{
    "model": "dashboard.student",
    "pk": 31,
    "fields": {
        "family": "4e1a98b7-74cc-4a17-b76f-169a51992610",
        "name": "محمد",
        "gender": "Male",
        "age": 17,
        "hourly_salary": "4.00",
        "payment_link": "لا يوجد",
        "is_active": true,
        "created_at": "2024-08-18T00:28:50.507Z"
    }
},
{
    "model": "dashboard.student",
    "pk": 32,
    "fields": {
        "family": "4e1a98b7-74cc-4a17-b76f-169a51992610",
        "name": "عائشه",
        "gender": "Female",
        "age": 14,
        "hourly_salary": "4.00",
        "payment_link": "لا يوجد",
        "is_active": true,
        "created_at": "2024-08-18T00:29:46.854Z"
    }
},
{
    "model": "dashboard.student",
    "pk": 33,
    "fields": {
        "family": "4e1a98b7-74cc-4a17-b76f-169a51992610",
        "name": "يوسف",
        "gender": "Male",
        "age": 12,
        "hourly_salary": "4.00",
        "payment_link": "لا يوجد",
        "is_active": true,
        "created_at": "2024-08-18T00:30:15.069Z"
    }
},
{
    "model": "dashboard.student",
    "pk": 34,
    "fields": {
        "family": "4e1a98b7-74cc-4a17-b76f-169a51992610",
        "name": "احمد",
        "gender": "Male",
        "age": 10,
        "hourly_salary": "4.00",
        "payment_link": "لا يوجد",
        "is_active": true,
        "created_at": "2024-08-18T00:30:36.588Z"
    }
},
{
    "model": "dashboard.student",
    "pk": 35,
    "fields": {
        "family": "4e1a98b7-74cc-4a17-b76f-169a51992610",
        "name": "مريم",
        "gender": "Female",
        "age": 8,
        "hourly_salary": "4.00",
        "payment_link": "لا يوجد",
        "is_active": true,
        "created_at": "2024-08-18T00:31:02.721Z"
    }
},
{
    "model": "dashboard.student",
    "pk": 36,
    "fields": {
        "family": "4e1a98b7-74cc-4a17-b76f-169a51992610",
        "name": "حازم",
        "gender": "Male",
        "age": 5,
        "hourly_salary": "4.00",
        "payment_link": "لا يوجد",
        "is_active": true,
        "created_at": "2024-08-18T00:31:24.484Z"
    }
},
{
    "model": "dashboard.student",
    "pk": 37,
    "fields": {
        "family": "2685098d-14fc-4991-8ce0-aa694ba0e03b",
        "name": "الزبير",
        "gender": "Male",
        "age": 8,
        "hourly_salary": "5.00",
        "payment_link": "لا يوجد",
        "is_active": true,
        "created_at": "2024-08-18T00:37:06.582Z"
    }
},
{
    "model": "dashboard.instructor_student",
    "pk": 17,
    "fields": {
        "family": "69b6b35e-afac-47fc-bc7e-e91ac7da7636",
        "student": 8,
        "instructor": 12,
        "created_at": "2024-08-17T00:59:09.950Z"
    }
},
{
    "model": "dashboard.instructor_student",
    "pk": 18,
    "fields": {
        "family": "80afde76-12c2-40ea-b300-68bb7cccadeb",
        "student": 13,
        "instructor": 12,
        "created_at": "2024-08-17T00:59:18.972Z"
    }
},
{
    "model": "dashboard.instructor_student",
    "pk": 19,
    "fields": {
        "family": "72971639-7103-42a9-b098-2598076ea526",
        "student": 9,
        "instructor": 12,
        "created_at": "2024-08-17T00:59:27.442Z"
    }
},
{
    "model": "dashboard.instructor_student",
    "pk": 20,
    "fields": {
        "family": "5186aa22-c838-4bbc-94e9-4561e28e0828",
        "student": 12,
        "instructor": 12,
        "created_at": "2024-08-17T00:59:37.693Z"
    }
},
{
    "model": "dashboard.instructor_student",
    "pk": 21,
    "fields": {
        "family": "5186aa22-c838-4bbc-94e9-4561e28e0828",
        "student": 11,
        "instructor": 12,
        "created_at": "2024-08-17T00:59:47.614Z"
    }
},
{
    "model": "dashboard.instructor_student",
    "pk": 22,
    "fields": {
        "family": "73a46b4b-8577-48d0-a7f8-4abe34f70908",
        "student": 15,
        "instructor": 12,
        "created_at": "2024-08-17T01:00:00.361Z"
    }
},
{
    "model": "dashboard.instructor_student",
    "pk": 23,
    "fields": {
        "family": "73a46b4b-8577-48d0-a7f8-4abe34f70908",
        "student": 14,
        "instructor": 12,
        "created_at": "2024-08-17T01:00:09.095Z"
    }
},
{
    "model": "dashboard.instructor_student",
    "pk": 24,
    "fields": {
        "family": "39a26eea-f9bd-432a-95c9-035e1a2f4fd8",
        "student": 10,
        "instructor": 12,
        "created_at": "2024-08-17T01:00:18.030Z"
    }
},
{
    "model": "dashboard.instructor_student",
    "pk": 25,
    "fields": {
        "family": "062d1104-47c3-4d7e-aa1d-02c14802b91d",
        "student": 22,
        "instructor": 13,
        "created_at": "2024-08-17T23:18:44.988Z"
    }
},
{
    "model": "dashboard.instructor_student",
    "pk": 26,
    "fields": {
        "family": "e7343004-ff81-4503-a220-b7155840758c",
        "student": 17,
        "instructor": 13,
        "created_at": "2024-08-17T23:18:55.286Z"
    }
},
{
    "model": "dashboard.instructor_student",
    "pk": 27,
    "fields": {
        "family": "e7343004-ff81-4503-a220-b7155840758c",
        "student": 16,
        "instructor": 13,
        "created_at": "2024-08-17T23:19:06.048Z"
    }
},
{
    "model": "dashboard.instructor_student",
    "pk": 28,
    "fields": {
        "family": "2658f46c-ac44-444c-80ef-89669addb394",
        "student": 21,
        "instructor": 13,
        "created_at": "2024-08-17T23:19:16.186Z"
    }
},
{
    "model": "dashboard.instructor_student",
    "pk": 29,
    "fields": {
        "family": "2658f46c-ac44-444c-80ef-89669addb394",
        "student": 20,
        "instructor": 13,
        "created_at": "2024-08-17T23:19:27.430Z"
    }
},
{
    "model": "dashboard.instructor_student",
    "pk": 30,
    "fields": {
        "family": "7af29410-524b-4d10-bd12-9f620bf07fa8",
        "student": 19,
        "instructor": 13,
        "created_at": "2024-08-17T23:19:39.744Z"
    }
},
{
    "model": "dashboard.instructor_student",
    "pk": 31,
    "fields": {
        "family": "7af29410-524b-4d10-bd12-9f620bf07fa8",
        "student": 18,
        "instructor": 13,
        "created_at": "2024-08-17T23:20:15.568Z"
    }
},
{
    "model": "dashboard.instructor_student",
    "pk": 32,
    "fields": {
        "family": "d02b6044-3ab3-4bd3-8a94-5ddd01a43159",
        "student": 28,
        "instructor": 15,
        "created_at": "2024-08-18T00:34:57.588Z"
    }
},
{
    "model": "dashboard.instructor_student",
    "pk": 33,
    "fields": {
        "family": "d02b6044-3ab3-4bd3-8a94-5ddd01a43159",
        "student": 27,
        "instructor": 15,
        "created_at": "2024-08-18T00:35:06.844Z"
    }
},
{
    "model": "dashboard.instructor_student",
    "pk": 34,
    "fields": {
        "family": "2d1f3b4e-44fb-4447-afa5-edf187c64575",
        "student": 29,
        "instructor": 15,
        "created_at": "2024-08-18T00:35:18.358Z"
    }
},
{
    "model": "dashboard.instructor_student",
    "pk": 35,
    "fields": {
        "family": "4e1a98b7-74cc-4a17-b76f-169a51992610",
        "student": 31,
        "instructor": 15,
        "created_at": "2024-08-18T00:35:31.771Z"
    }
},
{
    "model": "dashboard.instructor_student",
    "pk": 36,
    "fields": {
        "family": "4e1a98b7-74cc-4a17-b76f-169a51992610",
        "student": 33,
        "instructor": 15,
        "created_at": "2024-08-18T00:35:42.821Z"
    }
},
{
    "model": "dashboard.instructor_student",
    "pk": 37,
    "fields": {
        "family": "4e1a98b7-74cc-4a17-b76f-169a51992610",
        "student": 34,
        "instructor": 15,
        "created_at": "2024-08-18T00:36:01.419Z"
    }
},
{
    "model": "dashboard.instructor_student",
    "pk": 38,
    "fields": {
        "family": "2685098d-14fc-4991-8ce0-aa694ba0e03b",
        "student": 37,
        "instructor": 15,
        "created_at": "2024-08-18T00:37:26.286Z"
    }
},
{
    "model": "dashboard.instructor_student",
    "pk": 39,
    "fields": {
        "family": "72971639-7103-42a9-b098-2598076ea526",
        "student": 23,
        "instructor": 15,
        "created_at": "2024-08-18T00:37:53.822Z"
    }
},
{
    "model": "dashboard.instructor_student",
    "pk": 40,
    "fields": {
        "family": "80afde76-12c2-40ea-b300-68bb7cccadeb",
        "student": 25,
        "instructor": 15,
        "created_at": "2024-08-18T00:38:06.237Z"
    }
},
{
    "model": "dashboard.instructor_student",
    "pk": 41,
    "fields": {
        "family": "80afde76-12c2-40ea-b300-68bb7cccadeb",
        "student": 24,
        "instructor": 15,
        "created_at": "2024-08-18T00:38:15.885Z"
    }
},
{
    "model": "dashboard.instructor_student",
    "pk": 42,
    "fields": {
        "family": "4e1a98b7-74cc-4a17-b76f-169a51992610",
        "student": 32,
        "instructor": 13,
        "created_at": "2024-08-18T00:41:06.071Z"
    }
},
{
    "model": "dashboard.instructor_student",
    "pk": 43,
    "fields": {
        "family": "4e1a98b7-74cc-4a17-b76f-169a51992610",
        "student": 36,
        "instructor": 13,
        "created_at": "2024-08-18T00:41:16.910Z"
    }
},
{
    "model": "dashboard.instructor_student",
    "pk": 44,
    "fields": {
        "family": "4e1a98b7-74cc-4a17-b76f-169a51992610",
        "student": 35,
        "instructor": 13,
        "created_at": "2024-08-18T00:41:28.637Z"
    }
},
{
    "model": "dashboard.classes",
    "pk": 11,
    "fields": {
        "family": "73a46b4b-8577-48d0-a7f8-4abe34f70908",
        "student": 26,
        "instructor": null,
        "date": "2024-08-17",
        "number_class_hours": "60",
        "evaluation": "Excellence",
        "subject_name": "عربي",
        "notes": "تم دراسة حرف الكاف والصاد والفاء",
        "created_at": "2024-08-17T23:53:53.255Z"
    }
},
{
    "model": "about.about",
    "pk": 1,
    "fields": {
        "content": "َQuranUTLA best place to learn Quran, Arabic & Islamic Studies. We have maintained a world-class reputation across the globe for many years. We provide a variety of online courses specifically designed to be suitable for all ages and levels with our Certified Native Arab Tutors graduates of Prestigious Islamic Universities. We offer so many different ways to learn the Quran online that can be adapted to the amount of time you have available, your area of interest, and the type of teacher you prefer. We offer a wide range of classes that can fit into even the busiest schedules that are the best fit for your learning needs and interests. We also give a helping hand to Muslim Converts to assist them in understanding Islam and the daily practices of worship through their Online Learning Journey with us.",
        "url": "https://www.youtube.com/embed/hJ3fCtKf4fA?si=QHgPGpA4pjaQbEsq"
    }
},
{
    "model": "about.whyus",
    "pk": 1,
    "fields": {
        "img": "whyus/img/icons8-support-50.png",
        "name": "24/7 Support & Schedule",
        "content": "يمكنك الدراسة في أي وقت يناسبك و في أي مكان عبر الكمبيوتر او الموبايل. -<> ابنائك يدرسون أمامك في المنزل وتستطيع متابعة تقدم مستواهم بنفسك، مع معلمين أو معلمات حسب رغبتكم~"
    }
},
{
    "model": "about.whyus",
    "pk": 2,
    "fields": {
        "img": "whyus/img/icons8-quran-64.png",
        "name": "Free Trial Lessons",
        "content": "You have the opportunity to get to know the course and tutors first-hand. The Free Trial Class provide a smooth transition so that students can settle in well and become familiar with the course and their tutor."
    }
},
{
    "model": "about.whyus",
    "pk": 3,
    "fields": {
        "img": "whyus/img/icons8-teaching-50.png",
        "name": "Advanced Teaching Methods",
        "content": "مدرسين مصريين وعرب يتقنون اللغة العربيه خريجو الأزهر الشريف وحفظة القرآن الكريم"
    }
},
{
    "model": "about.whyus",
    "pk": 4,
    "fields": {
        "img": "whyus/img/icons8-web-help-50.png",
        "name": "Online Help",
        "content": "If you have any questions or problems, our online services are available to you around the clock. You can easily contact us through the online chat or reach us through the phone number provided on the website."
    }
},
{
    "model": "about.whyus",
    "pk": 5,
    "fields": {
        "img": "whyus/img/قرآن.png",
        "name": "دورات",
        "content": "You have an emergency and missed a class. No problem! We offer you the opportunity to make up the class. Also, you can easily talk to your tutor about your class and reschedule it for another day."
    }
},
{
    "model": "about.whyus",
    "pk": 6,
    "fields": {
        "img": "whyus/img/icons8-online-group-studying-50.png",
        "name": "Group Learning",
        "content": "We offer Muslim families and friends the opportunity to share group classes in a comfortable and trusting environment to enjoy learning together and can help each other in the learning journey."
    }
},
{
    "model": "about.whyus",
    "pk": 7,
    "fields": {
        "img": "whyus/img/icons8-collaboration-female-male-80.png",
        "name": "معلمين من ذوي الخبرة",
        "content": "مدرسين مصريين وعرب يتقنون اللغة العربيه خريجو الأزهر الشريف وحفظة القرآن الكريم"
    }
},
{
    "model": "about.whyus",
    "pk": 8,
    "fields": {
        "img": "whyus/img/icons8-task-completed-64.png",
        "name": "Completion Certificates",
        "content": "Each student will receive a certificate at the end of the course at no additional cost. Certificates give you permission that you are now qualified to teach others what you have learned."
    }
},
{
    "model": "about.testimonials",
    "pk": 1,
    "fields": {
        "content": "َQuran Utla Academy is very amazing; I really had a great time learning with them. Quran Memorization Ijazah Course is awesome, the way the Course s are structured are remarkable.",
        "name": "Aqsa Ahmed",
        "position": "UAE"
    }
},
{
    "model": "about.testimonials",
    "pk": 2,
    "fields": {
        "content": "My seven year old daughter is taking the online Tajweed Course for children. The way the Tutors interact with the students is great, and I love how they keep me updated with my daughter's progress through weekly reports.",
        "name": "Numan Sajid",
        "position": "CANADA"
    }
},
{
    "model": "about.testimonials",
    "pk": 3,
    "fields": {
        "content": "Quran Utla Academy is one of the best online islamic school and most professional academies so far. I have learned so much from the Tutor and improved my Arabic grammar so much through the Standard Arabic Course.",
        "name": "Ahmed Munir",
        "position": "SAUDI ARABIA"
    }
},
{
    "model": "about.how_it_works",
    "pk": 1,
    "fields": {
        "content": "You can schedule a course with us anytime. We offer a 24/7 learning service seven days a week, so you can learn online from the comfort of your home."
    }
},
{
    "model": "about.terms",
    "pk": 1,
    "fields": {
        "content": "<p style=\"margin-block: 0px 0.9rem; color: rgb(39, 60, 103); font-family: Roboto, sans-serif; font-size: 16px; text-align: justify;\"><span style=\"font-weight: bolder;\">Payment Method</span></p><p style=\"margin-block: 0px 0.9rem; color: rgb(39, 60, 103); font-family: Roboto, sans-serif; font-size: 16px; text-align: justify;\">Easy &amp; Secure Online Payment Methods&nbsp;via PayPal, Stripe, Credit Card, or Bank Transfer.</p><p style=\"margin-block: 0px 0.9rem; color: rgb(39, 60, 103); font-family: Roboto, sans-serif; font-size: 16px; text-align: justify;\">Monthly Recurring Subscription will be paid in advance and automatically renewed on the same day of every month and will be changed in 2024 to be renewed after every 4 weeks or after finishing the required hours in case of holidays, pausing or rescheduling and will keep you updated of any changes.</p><p style=\"margin-block: 0px 0.9rem; color: rgb(39, 60, 103); font-family: Roboto, sans-serif; font-size: 16px; text-align: justify;\">In case of cancelation, stopping, or changing the plan, we provide you with the option to cancel, pause, or change the plan accordingly with a full money-back guarantee.</p><p style=\"margin-block: 0px 0.9rem; color: rgb(39, 60, 103); font-family: Roboto, sans-serif; font-size: 16px; text-align: justify;\"><span style=\"font-weight: bolder;\">Refund Policy</span></p><p style=\"margin-block: 0px 0.9rem; color: rgb(39, 60, 103); font-family: Roboto, sans-serif; font-size: 16px; text-align: justify;\">If you wish to pause or stop your classes at any time during the month, we will refund you 100% of the classes that have not been delivered. But make sure that you shall email&nbsp;Info@mishkahacademy.com&nbsp;or text the Live Chat Icon “Support Team” 2-3 days earlier to the date of stopping of your course..</p><p style=\"margin-block: 0px 0.9rem; color: rgb(39, 60, 103); font-family: Roboto, sans-serif; font-size: 16px; text-align: justify;\">If the number of study hours has not been completed in a certain month you must arrange these missed classes ASAP with your teacher to make them up on any suitable day with your as well as your teacher’s schedule. In case it is not possible, you shall have a refund for the due classes.</p><p style=\"margin-block: 0px 0.9rem; color: rgb(39, 60, 103); font-family: Roboto, sans-serif; font-size: 16px; text-align: justify;\"><span style=\"font-weight: bolder; background-color: var( --e-global-color-ff157da ); color: var( --e-global-color-accent ); font-size: 1rem;\">Make-up Classes</span><br></p><p style=\"margin-block: 0px 0.9rem; color: rgb(39, 60, 103); font-family: Roboto, sans-serif; font-size: 16px; text-align: justify;\">– In case of canceling or rescheduling a class, there shall be prior notice at least 1 _ 2 Hours before the class time to be entitled to a make-up class maximum twice monthly except for an emergency..</p><p style=\"margin-block: 0px 0.9rem; color: rgb(39, 60, 103); font-family: Roboto, sans-serif; font-size: 16px; text-align: justify;\">– If a student plans to take a holiday, then shall inform the teacher or Support via&nbsp;Info@mishkahacademy.com&nbsp;or text the Live Chat Icon.</p><p style=\"margin-block: 0px 0.9rem; color: rgb(39, 60, 103); font-family: Roboto, sans-serif; font-size: 16px; text-align: justify;\">– If a student misses a class without prior notice to the teacher at least 1 _ 2 Hours before class time, no make-up classes will be reschedules except for an emergency.</p><p style=\"margin-block: 0px 0.9rem; color: rgb(39, 60, 103); font-family: Roboto, sans-serif; font-size: 16px; text-align: justify;\">– If a tutor cancels a class due to an emergency, he shall inform the student; and the class will be rescheduled for another day.</p><p style=\"margin-block: 0px 0.9rem; color: rgb(39, 60, 103); font-family: Roboto, sans-serif; font-size: 16px; text-align: justify;\"><span style=\"font-weight: bolder;\">Number of Monthly Classes/Hours</span></p><div style=\"color: rgb(39, 60, 103); font-family: Roboto, sans-serif; font-size: 16px; text-align: justify;\"><div>The number of Monthly Classes/Hours will be agreed upon when joining the Academy. If you wish to increase or decrease the number of classes, please inform your teacher, email&nbsp;Info@mishkahacademy.com&nbsp;or text the Live Chat Icon.</div><div>&nbsp;</div><div>* Please note that the teacher will inform you of the cancellation of any extra classes which will be more than the number of agreed required classes.</div><div>&nbsp;</div><div>* Example: If it has been agreed upon 4 classes per month on Saturdays, sometimes it happens to be 5 Saturdays in a month. In that case, the 5th class will be cancelled,&nbsp;as the payment is done according to monthly hours,&nbsp;or rescheduled as make-up classes for any missed classes.</div><div>&nbsp;</div><div><span style=\"font-weight: bolder;\">Public Holidays</span></div></div><p style=\"margin-block: 0px 0.9rem; color: rgb(39, 60, 103); font-family: Roboto, sans-serif; font-size: 16px; text-align: justify;\">According to the Islamic Calendar, Muslims Have two main holidays:-</p><p style=\"margin-block: 0px 0.9rem; color: rgb(39, 60, 103); font-family: Roboto, sans-serif; font-size: 16px; text-align: justify;\">1- Eid Al-Fitr&nbsp;(3 Days).</p><p style=\"margin-block: 0px 0.9rem; color: rgb(39, 60, 103); font-family: Roboto, sans-serif; font-size: 16px; text-align: justify;\">2- Eid Al-Adha&nbsp;(4 Days).</p><p style=\"margin-block: 0px 0.9rem; color: rgb(39, 60, 103); font-family: Roboto, sans-serif; font-size: 16px; text-align: justify;\">No Make-up Classes for Eid Holiday will entitled to.</p><p style=\"margin-block: 0px 0.9rem; color: rgb(39, 60, 103); font-family: Roboto, sans-serif; font-size: 16px; text-align: justify;\"><span style=\"font-weight: bolder;\">Quarterly Progress Report<br></span></p><p style=\"margin-block: 0px 0.9rem; color: rgb(39, 60, 103); font-family: Roboto, sans-serif; font-size: 16px; text-align: justify;\">Parents will receive a quarterly report at the end of each 3 months for students less than 16 years. This will allow parents to review the progress of their kids..</p><p style=\"margin-block: 0px 0.9rem; color: rgb(39, 60, 103); font-family: Roboto, sans-serif; font-size: 16px; text-align: justify;\"><span style=\"font-weight: bolder;\">Male/Female Students</span></p><p style=\"margin-block: 0px 0.9rem; color: rgb(39, 60, 103); font-family: Roboto, sans-serif; font-size: 16px; text-align: justify;\">Male students under 12 can be taught by male or female teacher according to the parent’s request.</p><p style=\"margin-block: 0px 0.9rem; color: rgb(39, 60, 103); font-family: Roboto, sans-serif; font-size: 16px; text-align: justify;\">Female students under 12 can be taught by male or female teacher according to the parent’s request.</p><p style=\"margin-block: 0px 0.9rem; color: rgb(39, 60, 103); font-family: Roboto, sans-serif; font-size: 16px; text-align: justify;\"><span style=\"font-weight: bolder;\">Evaluation &amp; Feedback</span></p><p style=\"margin-block: 0px 0.9rem; color: rgb(39, 60, 103); font-family: Roboto, sans-serif; font-size: 16px; text-align: justify;\">In order to improve our service, we ask our students for feedback after studying for a while in the academy. Your feedbacks will help us in improving the student experience and optimizing our services.</p><p style=\"margin-block: 0px 0.9rem; color: rgb(39, 60, 103); font-family: Roboto, sans-serif; font-size: 16px; text-align: justify;\"><span style=\"font-weight: bolder;\">Learning Environment</span></p><p style=\"margin-block: 0px 0.9rem; color: rgb(39, 60, 103); font-family: Roboto, sans-serif; font-size: 16px; text-align: justify;\">We ensure that our students have a healthy learning environment. Tutors are helpful and available to students for 24 hours a day. Students can enjoy their learning in a cooperative and relaxed environment.</p><p style=\"margin-block: 0px 0.9rem; color: rgb(39, 60, 103); font-family: Roboto, sans-serif; font-size: 16px; text-align: justify;\">Quality Control</p><p style=\"margin-block: 0px 0.9rem; color: rgb(39, 60, 103); font-family: Roboto, sans-serif; font-size: 16px; text-align: justify;\">The quality of learning is monitored closely through various procedures such as measuring attendance discipline, regular teacher training, student feedback, and regular examinations.</p><p style=\"margin-block: 0px 0.9rem; color: rgb(39, 60, 103); font-family: Roboto, sans-serif; font-size: 16px; text-align: justify;\"><span style=\"font-weight: bolder;\">Rating and Feedback</span></p><p style=\"margin-block: 0px 0.9rem; color: rgb(39, 60, 103); font-family: Roboto, sans-serif; font-size: 16px; text-align: justify;\">Our Support department will email you after a few lessons to ask for your feedback. Please let them know if you have any concerns, enquiries or complaints. Your feedback helps us to improve our service. We highly appreciate it.</p><p style=\"margin-block: 0px 0.9rem; color: rgb(39, 60, 103); font-family: Roboto, sans-serif; font-size: 16px; text-align: justify;\"><span style=\"font-weight: bolder;\">Teachers Punctuality</span></p><p style=\"margin-block: 0px 0.9rem; color: rgb(39, 60, 103); font-family: Roboto, sans-serif; font-size: 16px; text-align: justify;\">If a teacher is late for the class, the student should email the teacher and inform her/him that they are online. If the student/parent doesn’t get a response, the student/parent should email:&nbsp;Info@mishkahacademy.com. The teacher will make up for any missed time or class.</p><p style=\"margin-block: 0px 0.9rem; color: rgb(39, 60, 103); font-family: Roboto, sans-serif; font-size: 16px; text-align: justify;\">If the teacher is often late or misses classes, kindly email&nbsp;Info@mishkahacademy.com&nbsp;ASAP.</p><p style=\"margin-block: 0px 0.9rem; color: rgb(39, 60, 103); font-family: Roboto, sans-serif; font-size: 16px; text-align: justify;\"><span style=\"font-weight: bolder;\">Special Packages</span></p><p style=\"margin-block: 0px 0.9rem; color: rgb(39, 60, 103); font-family: Roboto, sans-serif; font-size: 16px; text-align: justify;\">* Orphans can pay 50% or get it for Free.</p><p style=\"margin-block: 0px 0.9rem; color: rgb(39, 60, 103); font-family: Roboto, sans-serif; font-size: 16px; text-align: justify;\">* Low-Income Families are provided with affordable programs.</p><p style=\"margin-block: 0px 0.9rem; color: rgb(39, 60, 103); font-family: Roboto, sans-serif; font-size: 16px; text-align: justify;\"><span style=\"font-weight: bolder;\">Gifts</span></p><p style=\"margin-block: 0px 0.9rem; color: rgb(39, 60, 103); font-family: Roboto, sans-serif; font-size: 16px; text-align: justify;\">* You can gift the courses to your friends and family.</p><p style=\"margin-block: 0px 0.9rem; color: rgb(39, 60, 103); font-family: Roboto, sans-serif; font-size: 16px; text-align: justify;\">– How to Give a Course as a Gift!</p><p style=\"margin-block: 0px 0.9rem; color: rgb(39, 60, 103); font-family: Roboto, sans-serif; font-size: 16px; text-align: justify;\">➔ Go to ➔&nbsp; Contact ➔ Gift Voucher.</p><p style=\"margin-block: 0px 0.9rem; color: rgb(39, 60, 103); font-family: Roboto, sans-serif; font-size: 16px; text-align: justify;\"><span style=\"font-weight: bolder;\">Studying only with the Academy</span></p><p style=\"margin-block: 0px 0.9rem; color: rgb(39, 60, 103); font-family: Roboto, sans-serif; font-size: 16px; text-align: justify;\">Tutors are not allowed to arrange classes with students outside the Academy.</p><p style=\"margin-block: 0px 0.9rem; color: rgb(39, 60, 103); font-family: Roboto, sans-serif; font-size: 16px; text-align: justify;\">Students may take additional courses or make-up classes only with the Academy.</p><p style=\"margin-block: 0px 0.9rem; color: rgb(39, 60, 103); font-family: Roboto, sans-serif; font-size: 16px; text-align: justify;\"><span style=\"font-weight: bolder;\">Dress Code</span></p><p style=\"margin-block: 0px 0.9rem; color: rgb(39, 60, 103); font-family: Roboto, sans-serif; font-size: 16px; text-align: justify;\">Students should ensure that their outfits is modest and suitable for the Holy Quran Classes.</p><p style=\"margin-block: 0px 0.9rem; color: rgb(39, 60, 103); font-family: Roboto, sans-serif; font-size: 16px; text-align: justify;\"><span style=\"font-weight: bolder;\">Leaving the Academy</span></p><p style=\"margin-block: 0px 0.9rem; color: rgb(39, 60, 103); font-family: Roboto, sans-serif; font-size: 16px; text-align: justify;\">If students wish to leave the Course, they can contact our Support Team at&nbsp;Info@mishkahacademy.com&nbsp;or text the Live Chat Icon.</p><p style=\"margin-block: 0px 0.9rem; color: rgb(39, 60, 103); font-family: Roboto, sans-serif; font-size: 16px; text-align: justify;\">Students should discuss Course completion with Staff or Tutors two days before leaving the academy.</p><p style=\"margin-block: 0px 0.9rem; color: rgb(39, 60, 103); font-family: Roboto, sans-serif; font-size: 16px; text-align: justify;\"><span style=\"font-weight: bolder;\">Confidentiality</span></p><p style=\"margin-block: 0px 0.9rem; color: rgb(39, 60, 103); font-family: Roboto, sans-serif; font-size: 16px; text-align: justify;\">Student privacy is our responsibility and we trust that student’s personal information is kept confidential between student and Tutor.</p><p style=\"margin-block: 0px 0.9rem; color: rgb(39, 60, 103); font-family: Roboto, sans-serif; font-size: 16px; text-align: justify;\"><span style=\"font-weight: bolder;\">Privacy</span></p><p style=\"margin-block: 0px 0.9rem; color: rgb(39, 60, 103); font-family: Roboto, sans-serif; font-size: 16px; text-align: justify;\">Protecting your personal information is important to us. We take the responsibility of keeping customer information secure very seriously. The information we collect remains confidential between us.</p><p style=\"margin-block: 0px 0.9rem; color: rgb(39, 60, 103); font-family: Roboto, sans-serif; font-size: 16px; text-align: justify;\"><span style=\"font-weight: bolder;\">What kind of personal information do we collect?</span></p><p style=\"margin-block: 0px 0.9rem; color: rgb(39, 60, 103); font-family: Roboto, sans-serif; font-size: 16px; text-align: justify;\">The personal information we collect from you varies depending on the context of your contacts with us and the Course you are using. The following information may be included, but is not limited to: –</p><ul style=\"margin-block: 0px; border: 0px; outline: 0px; font-size: 16px; vertical-align: baseline; background: transparent; color: rgb(39, 60, 103); font-family: Roboto, sans-serif; text-align: justify;\"><li style=\"margin-block: 0px; border: 0px; outline: 0px; vertical-align: baseline; background: transparent;\">Profile Data, such as courses you have taken, preferences, feedback, and survey responses.</li><li style=\"margin-block: 0px; border: 0px; outline: 0px; vertical-align: baseline; background: transparent;\">Usage data, such as how you use our website.</li><li style=\"margin-block: 0px; border: 0px; outline: 0px; vertical-align: baseline; background: transparent;\">When you make a payment to us, we collect identifiable information such as your name, date of birth, and gender, as well as contact information such as your mailing address, email address, and phone number.</li></ul><p style=\"margin-block: 0px 0.9rem; color: rgb(39, 60, 103); font-family: Roboto, sans-serif; font-size: 16px; text-align: justify;\"><span style=\"font-weight: bolder;\">Why do we collect information?</span></p><p style=\"margin-block: 0px 0.9rem; color: rgb(39, 60, 103); font-family: Roboto, sans-serif; font-size: 16px; text-align: justify;\">The information you provide to us is used solely to improve our services, create accounts on a website, and for educational purposes.</p><p style=\"margin-block: 0px 0.9rem; color: rgb(39, 60, 103); font-family: Roboto, sans-serif; font-size: 16px; text-align: justify;\"><span style=\"font-weight: bolder;\">How do we keep your information secure?</span></p><p style=\"margin-block: 0px 0.9rem; color: rgb(39, 60, 103); font-family: Roboto, sans-serif; font-size: 16px; text-align: justify;\">To protect our users’ information from misuse and access, we use Secure Sockets Layer (SSL) certificates to protect our users’ personal information.</p><p style=\"margin-block: 0px 0.9rem; color: rgb(39, 60, 103); font-family: Roboto, sans-serif; font-size: 16px; text-align: justify;\"><span style=\"font-weight: bolder;\">Retention of Data</span></p><p style=\"margin-block: 0px 0.9rem; color: rgb(39, 60, 103); font-family: Roboto, sans-serif; font-size: 16px; text-align: justify;\">We retain a student’s personal data for 12 months before deleting it from our system if the student cancels their account.</p><p style=\"margin-block: 0px 0.9rem; color: rgb(39, 60, 103); font-family: Roboto, sans-serif; font-size: 16px; text-align: justify;\">After 12 months, the student’s personal data and progress report will be deleted to ensure the security of the student data.</p><p style=\"margin-block: 0px 0.9rem; color: rgb(39, 60, 103); font-family: Roboto, sans-serif; font-size: 16px; text-align: justify;\"><span style=\"font-weight: bolder;\">Contact Us</span></p><p style=\"margin-block: 0px 0.9rem; color: rgb(39, 60, 103); font-family: Roboto, sans-serif; font-size: 16px; text-align: justify;\"><span style=\"font-weight: bolder;\">aaaa@gmai.com</span></p>"
    }
},
{
    "model": "main.slider",
    "pk": 1,
    "fields": {
        "img": "slider/img/general-hero-slide-desktop.png",
        "title": "Online Quran, Arabic & Islamic Studies Courses",
        "content": "Your Quran, Tajweed, Arabic & Islamic Studies Journey"
    }
},
{
    "model": "main.slider",
    "pk": 2,
    "fields": {
        "img": "slider/img/Quran-desktop-slider.png",
        "title": "Online Quran Courses",
        "content": "Strengthen your connection with the Holy Quran by joining our Online Quran Courses, i.e. Quran Memorization, Quran Recitation, Tajweed Rules, Ijazah and 10 Qiraat Course."
    }
},
{
    "model": "main.slider",
    "pk": 3,
    "fields": {
        "img": "slider/img/Arabic-language-desktop-slider.png",
        "title": "Online Arabic Courses",
        "content": "Learn to Read, Write, Speak & Understand Arabic with the help of Expert Native Arab Tutors. Best Online Arabic Courses are designed to cater the needs of every student."
    }
},
{
    "model": "main.slider",
    "pk": 4,
    "fields": {
        "img": "slider/img/Screenshot_2022-05-02-00-47-21-93.jpg",
        "title": "Online Islamic Studies Courses",
        "content": "Get connected with your Islamic roots with the help of our Islamic Studies Courses that cover all the essential topics such as Tafseer, Fiqh, Aqeedah Hadith, Akhlaq, Azkar, and others."
    }
},
{
    "model": "main.settings",
    "pk": 1,
    "fields": {
        "facebook": "https://www.facebook.com/EslamEs11/",
        "instagram": "https://www.instagram.com/eslamessam85/",
        "twitter": "https://twitter.com/Sunboats10",
        "youtube": "https://www.youtube.com/joprcar",
        "phone": 1014205947,
        "whatsapp": "01014205947",
        "title": "Quran Utla",
        "logo": "images/logo/logo.png",
        "address": null,
        "email": null,
        "phones": "01014205947",
        "map_link": null,
        "text": "Quran Utla is very blessed and proud to be serving thousands of Muslim families around the World i.e. USA, UK, Canada, Australia, Europe, Asia & Africa.\r\nJoin thousands of Muslim families who love learning Quran, Tajweed, Arabic & Islamic Studies Online from the comfort of their Homes with 100% Satisfaction.\r\nMishkah Academy has become one of the leading Online Islamic Schools due to its good reputation for many years in Online Quran, Arabic & Islamic Learning Classes.",
        "video": "https://www.youtube.com/embed/SHNMiOZaywg?si=6vgpTvhrfVoq8IRf"
    }
},
{
    "model": "main.pricing_content",
    "pk": 1,
    "fields": {
        "content": "Monthly Fees are charged on a monthly basis in the USD.\r\nFees charged in advance with full money-back guarantee.\r\nIf you want a customized plan, we'll arrange it Insha'Allah.\r\nPayments via Bank Account, PayPal, Debit or Credit Card."
    }
},
{
    "model": "main.pricing",
    "pk": 1,
    "fields": {
        "char": "A",
        "week": "1",
        "price": "20.00",
        "classes": 4,
        "hours": 2
    }
},
{
    "model": "main.pricing",
    "pk": 2,
    "fields": {
        "char": "B",
        "week": "2",
        "price": "35.00",
        "classes": 8,
        "hours": 4
    }
},
{
    "model": "main.pricing",
    "pk": 3,
    "fields": {
        "char": "C",
        "week": "3",
        "price": "50.00",
        "classes": 12,
        "hours": 6
    }
},
{
    "model": "main.pricing",
    "pk": 4,
    "fields": {
        "char": "D",
        "week": "4",
        "price": "70.00",
        "classes": 16,
        "hours": 8
    }
},
{
    "model": "main.contactus",
    "pk": 1,
    "fields": {
        "name": "Harvey Miller",
        "email": "harvey.websolution6@gmail.com",
        "whatsapp": "8456404550",
        "message": "Hello,\r\n\r\nYour website is encountering major SEO (Search Engine Optimization) issues, which are impacting its visibility on search engines like Google, Bing, and Yahoo. Please share your phone number and a convenient time for a call so we can promptly address and resolve these issues.\r\n\r\nRegards,\r\nHarvey Miller ",
        "created_at": "2024-08-06T15:12:12.040Z"
    }
},
{
    "model": "main.contactus",
    "pk": 2,
    "fields": {
        "name": "Search Engine Index",
        "email": "submissions@searchindex.site",
        "whatsapp": "3690146754",
        "message": "Hello,\r\n\r\nfor your website do be displayed in searches your domain needs to be indexed in the Google Search Index.\r\n\r\nTo add your domain to Google Search Index now, please visit \r\n\r\nhttps://searchregistry.net/",
        "created_at": "2024-08-07T14:47:28.163Z"
    }
},
{
    "model": "main.contactus",
    "pk": 3,
    "fields": {
        "name": "Search Engine Index",
        "email": "submissions@searchindex.site",
        "whatsapp": "6844697967",
        "message": "Hello,\r\n\r\nfor your website do be displayed in searches your domain needs to be indexed in the Google Search Index.\r\n\r\nTo add your domain to Google Search Index now, please visit \r\n\r\nhttps://searchregistry.net/",
        "created_at": "2024-08-08T13:58:38.774Z"
    }
},
{
    "model": "main.contactus",
    "pk": 4,
    "fields": {
        "name": "Search Engine Index",
        "email": "submissions@searchindex.site",
        "whatsapp": "688040082",
        "message": "Hello,\r\n\r\nfor your website do be displayed in searches your domain needs to be indexed in the Google Search Index.\r\n\r\nTo add your domain to Google Search Index now, please visit \r\n\r\nhttps://searchregistry.net/",
        "created_at": "2024-08-09T14:56:55.859Z"
    }
},
{
    "model": "main.contactus",
    "pk": 5,
    "fields": {
        "name": "Leona Parer",
        "email": "leona.parer75@hotmail.com",
        "whatsapp": "246979509",
        "message": "\r\nDesigning a good logo is important for businesses as it creates an image in the minds of the customers, \r\nattract them towards your products and services and they probably make a purchase decision.\r\n\r\nWith these points in mind, here are our top picks for logo makers in 2024.\r\n\r\nclick here: https://saloof.com/logo-maker\r\n\r\n\r\n\r\n\r\n\r\n\r\nWebsite Opt Out/Unsubscribe:\r\nhttps://saloof.com/unsubscribe",
        "created_at": "2024-08-11T16:01:47.676Z"
    }
},
{
    "model": "main.contactus",
    "pk": 6,
    "fields": {
        "name": "Concetta Gilliland",
        "email": "gilliland.concetta@gmail.com",
        "whatsapp": "821570481",
        "message": "\r\nDesigning a good logo is important for businesses as it creates an image in the minds of the customers, \r\nattract them towards your products and services and they probably make a purchase decision.\r\n\r\nWith these points in mind, here are our top picks for logo makers in 2024.\r\n\r\nclick here: https://saloof.com/logo-maker\r\n\r\n\r\n\r\n\r\n\r\n\r\nWebsite Opt Out/Unsubscribe:\r\nhttps://saloof.com/unsubscribe",
        "created_at": "2024-08-12T17:07:12.419Z"
    }
},
{
    "model": "main.teachercontact",
    "pk": 1,
    "fields": {
        "full_name": "Eslam Essam Elahmady",
        "email": "eslamdeveloper1@gmail.com",
        "phone_number": "01158268124",
        "subject": "عاوز انضم",
        "qualifications": "كلية تجارة",
        "message": "ببببببببب",
        "created_at": "2024-08-08T00:50:57.278Z"
    }
},
{
    "model": "main.teachercontact",
    "pk": 2,
    "fields": {
        "full_name": "Abdullah Mahmoud Mohamed",
        "email": "abdalla222v@gmail.com",
        "phone_number": "01148193266",
        "subject": "صصصصصصص",
        "qualifications": "يييييييييي",
        "message": "ششششش",
        "created_at": "2024-08-08T00:51:47.233Z"
    }
},
{
    "model": "main.tutors",
    "pk": 1,
    "fields": {
        "full_name": "المعلمه تسنيم احمد",
        "image": "tutors/img/تكريم_الطالب_سجي.png",
        "qualifications": "الحمد لله"
    }
},
{
    "model": "main.tutors",
    "pk": 2,
    "fields": {
        "full_name": "احمد محمد",
        "image": "tutors/img/4.png",
        "qualifications": "الحمد لله"
    }
},
{
    "model": "course.course",
    "pk": 1,
    "fields": {
        "category": "Islamic",
        "title": "تجويد",
        "slug": "tgoyd",
        "image": "course_images/WhatsApp_Image_2024-05-12_at_04.27.27_c9aa4646.jpg",
        "description": "بسم الله",
        "price": "5.00",
        "created_at": "2024-08-12T00:52:18.981Z",
        "updated_at": "2024-08-12T00:57:28.757Z"
    }
},
{
    "model": "blog.post",
    "pk": 1,
    "fields": {
        "title": "Hijrah: Significance & Importance | Prophet Muhammad’s Migration",
        "image": "blog_images/Hijra-768x465.jpg",
        "slug": "hijrah-significance-importance-prophet-muhammads-migration",
        "content": "<h2 style=\"margin-block: 0.5rem 1rem; font-family: Roboto, sans-serif; font-weight: bold; line-height: 1.5; font-size: 28px; text-align: center;\">Hijra | Hijri Islamic New Year<span class=\"ez-toc-section-end\"></span></h2><div id=\"ez-toc-container\" class=\"ez-toc-v2_0_68_1 counter-hierarchy ez-toc-counter ez-toc-light-blue ez-toc-container-direction\" style=\"direction: ltr; background: rgb(237, 246, 255); border: 1px solid rgb(170, 170, 170); border-radius: 4px; box-shadow: rgba(0, 0, 0, 0.05) 0px 1px 1px; display: table; margin-bottom: 1em; padding: 10px 20px 10px 10px; position: relative; width: auto; color: rgb(84, 89, 95); font-family: Roboto, sans-serif; font-size: 16px; text-align: justify;\"><div class=\"ez-toc-title-container\" style=\"display: table; width: 206.5px;\"><p class=\"ez-toc-title \" style=\"margin-block: 0px 0.9rem; display: initial; text-align: left; vertical-align: middle; line-height: 1.45; margin-bottom: 0px; padding: 0px; font-size: 19.2px;\">Table of Contents</p><span class=\"ez-toc-title-toggle\" style=\"display: inline; text-align: left; vertical-align: middle;\"><a href=\"https://mishkahacademy.com/islamic-hijri-new-year-hijrah/#\" class=\"ez-toc-pull-right ez-toc-btn ez-toc-btn-xs ez-toc-btn-default ez-toc-toggle ez-toc-loaded\" aria-label=\"Toggle Table of Content\" style=\"background-image: inherit; background-position: inherit; background-size: inherit; background-repeat: inherit; background-attachment: inherit; background-origin: inherit; background-clip: inherit; color: rgb(68, 68, 68); display: flex; padding: 1px 5px; margin-bottom: 0px; font-size: 12px; line-height: 1.5; text-align: center; text-wrap: nowrap; vertical-align: middle; cursor: pointer; border: inherit; border-radius: 3px; user-select: none; box-shadow: none; text-shadow: none; margin-left: 10px; align-items: center; flex-wrap: nowrap; float: right !important;\"><span class=\"ez-toc-js-icon-con\" style=\"position: relative; cursor: pointer; display: initial; float: right; font-size: 16px; padding: 0px; border: 1px solid rgb(153, 145, 145); border-radius: 5px; left: 10px; width: 35px;\"><span class=\"\"><span class=\"ez-toc-icon-toggle-span\" style=\"display: flex; align-items: center; width: 35px; height: 30px; justify-content: center; direction: ltr;\"><svg style=\"fill: #28084c;color:#28084c\" xmlns=\"http://www.w3.org/2000/svg\" class=\"list-377408\" width=\"20px\" height=\"20px\" viewBox=\"0 0 24 24\" fill=\"none\"><path d=\"M6 6H4v2h2V6zm14 0H8v2h12V6zM4 11h2v2H4v-2zm16 0H8v2h12v-2zM4 16h2v2H4v-2zm16 0H8v2h12v-2z\" fill=\"currentColor\"></path></svg><svg style=\"fill: #28084c;color:#28084c\" class=\"arrow-unsorted-368013\" xmlns=\"http://www.w3.org/2000/svg\" width=\"10px\" height=\"10px\" viewBox=\"0 0 24 24\" version=\"1.2\" baseProfile=\"tiny\"><path d=\"M18.2 9.3l-6.2-6.3-6.2 6.3c-.2.2-.3.4-.3.7s.1.5.3.7c.2.2.4.3.7.3h11c.3 0 .5-.1.7-.3.2-.2.3-.5.3-.7s-.1-.5-.3-.7zM5.8 14.7l6.2 6.3 6.2-6.3c.2-.2.3-.5.3-.7s-.1-.5-.3-.7c-.2-.2-.4-.3-.7-.3h-11c-.3 0-.5.1-.7.3-.2.2-.3.5-.3.7s.1.5.3.7z\"></path></svg></span></span></span></a></span></div><nav></nav></div><p style=\"margin-block: 0px 0.9rem; color: rgb(84, 89, 95); font-family: Roboto, sans-serif; font-size: 16px; text-align: justify;\">The&nbsp;<span style=\"font-weight: bolder;\">Hijrah</span>&nbsp;is an important event in Islamic history. In the year 622 CE,&nbsp;<span style=\"font-weight: bolder;\">Prophet Muhammad</span>&nbsp;and his followers made a journey. They left&nbsp;<span style=\"font-weight: bolder;\">Mecca</span>&nbsp;and went to&nbsp;<span style=\"font-weight: bolder;\">Medina</span>, which was then called Yathrib. This journey, known as the&nbsp;<span style=\"font-weight: bolder;\">Hijrah</span>, was key. It formed the Muslim community as we know it today.</p><p style=\"margin-block: 0px 0.9rem; color: rgb(84, 89, 95); font-family: Roboto, sans-serif; font-size: 16px; text-align: justify;\">This journey was more than just a move. The Arabic word “hijra” means breaking ties with what’s harmful. In&nbsp;<span style=\"font-weight: bolder;\">Mecca</span>, where they were from, they faced danger and threats. They moved to&nbsp;<span style=\"font-weight: bolder;\">Medina</span>&nbsp;for safety. This move was over 260 miles long, showing their strong faith.</p><h4 style=\"margin-block: 0.5rem 1rem; font-family: Roboto, sans-serif; font-weight: bold; line-height: 1.5; font-size: 1.5rem; text-align: justify;\"><span class=\"ez-toc-section\" id=\"Key_Takeaways\" ez-toc-data-id=\"#Key_Takeaways\"></span>Key Takeaways:<span class=\"ez-toc-section-end\"></span></h4><ul style=\"margin-block: 0px; border: 0px; outline: 0px; font-size: 16px; vertical-align: baseline; background-image: initial; background-position: initial; background-size: initial; background-repeat: initial; background-attachment: initial; background-origin: initial; background-clip: initial; color: rgb(84, 89, 95); font-family: Roboto, sans-serif; text-align: justify;\"><li style=\"margin-block: 0px; border: 0px; outline: 0px; vertical-align: baseline; background: transparent;\">The&nbsp;<span style=\"font-weight: bolder;\">Hijrah</span>&nbsp;was the&nbsp;<span style=\"font-weight: bolder;\">migration</span>&nbsp;of&nbsp;<span style=\"font-weight: bolder;\">Prophet Muhammad</span>&nbsp;and his followers from&nbsp;<span style=\"font-weight: bolder;\">Mecca</span>&nbsp;to&nbsp;<span style=\"font-weight: bolder;\">Medina</span>&nbsp;in 622 CE.</li><li style=\"margin-block: 0px; border: 0px; outline: 0px; vertical-align: baseline; background: transparent;\">The Hijrah marked the beginning of the&nbsp;<span style=\"font-weight: bolder;\">Islamic calendar</span>, which was introduced by Caliph Umar I in 639 CE.</li><li style=\"margin-block: 0px; border: 0px; outline: 0px; vertical-align: baseline; background: transparent;\">The Hijrah event established the first real Muslim community in Medina, enabling social, political, and economic independence.</li><li style=\"margin-block: 0px; border: 0px; outline: 0px; vertical-align: baseline; background: transparent;\">The Hijrah signified the transition from a small group of believers to an organized Islamic state with strong leadership and a growing number of followers.</li><li style=\"margin-block: 0px; border: 0px; outline: 0px; vertical-align: baseline; background: transparent;\">The Hijrah exemplifies the importance of Muslims bringing positive contributions to the lands they inhabit.</li></ul><h2 style=\"margin-block: 0.5rem 1rem; font-family: Roboto, sans-serif; font-weight: bold; line-height: 1.5; font-size: 28px; text-align: center;\"><span class=\"ez-toc-section\" id=\"The_Meaning_of_Hijrah\" ez-toc-data-id=\"#The_Meaning_of_Hijrah\"></span>The Meaning of Hijrah<span class=\"ez-toc-section-end\"></span></h2><p style=\"margin-block: 0px 0.9rem; color: rgb(84, 89, 95); font-family: Roboto, sans-serif; font-size: 16px; text-align: justify;\">The Arabic word “hijra” translates to “a severing of ties of kinship or association.” It goes beyond just “flight.” This idea means cutting off friendly links or associations. It’s not just about moving away physically. It’s about leaving behind something that was once a part of you.</p><p style=\"margin-block: 0px 0.9rem; color: rgb(84, 89, 95); font-family: Roboto, sans-serif; font-size: 16px; text-align: justify;\">“Hijrah” has a rich history. Since 1753, it also means an exodus in English. In Islam, it refers to the emigration of the faithful to Abyssinia and of Muhammad’s followers to Medina. This was before the capture of Mecca in 630 CE. Those who migrated under Christian rule later were called “muhājirūn” or “emigrants.”</p><h2 style=\"margin-block: 0.5rem 1rem; font-family: Roboto, sans-serif; font-weight: bold; line-height: 1.5; font-size: 28px; text-align: center;\"><span class=\"ez-toc-section\" id=\"Background_and_Events_Leading_to_the_Hijrah\" ez-toc-data-id=\"#Background_and_Events_Leading_to_the_Hijrah\"></span>Background and Events Leading to the Hijrah<span class=\"ez-toc-section-end\"></span></h2><p style=\"margin-block: 0px 0.9rem; color: rgb(84, 89, 95); font-family: Roboto, sans-serif; font-size: 16px; text-align: justify;\"><span style=\"font-weight: bolder;\">1- Situation in Medina</span></p><p style=\"margin-block: 0px 0.9rem; color: rgb(84, 89, 95); font-family: Roboto, sans-serif; font-size: 16px; text-align: justify;\">Medina sits over 260 miles north of Mecca. It was born as a lush haven by Jews who survived a Roman uprising. Along with small Jewish groups, the city housed three big&nbsp;<span style=\"font-weight: bolder;\">Jewish tribes</span>: Banu Qaynuqa, Banu Nadir, and Banu Qurayza. Southern Arabian tribes, Banu Aws and Banu Khazraj, also came. They lived with the Jews as Banu Qayla.</p><p style=\"margin-block: 0px 0.9rem; color: rgb(84, 89, 95); font-family: Roboto, sans-serif; font-size: 16px; text-align: justify;\"><span style=\"font-weight: bolder;\">2- Muhammad’s Encounters with Aws and Khazraj Tribes</span></p><p style=\"margin-block: 0px 0.9rem; color: rgb(84, 89, 95); font-family: Roboto, sans-serif; font-size: 16px; text-align: justify;\">Before 620 CE, the&nbsp;<span style=\"font-weight: bolder;\">Arab tribes</span>&nbsp;of Aws and Khazraj fought for a century. They sought help from the&nbsp;<span style=\"font-weight: bolder;\">Jewish tribes</span>, leading to some strife. In 620 CE, Muhammad, unable to convert Mecca’s people, focused on others during fairs and pilgrimages. At this time, six Banu Khazraj members heard his message and converted. They hoped this might unite Khazraj and Aws, so they shared it in Medina.</p><table style=\"background-color: rgb(255, 255, 255); width: 766.516px; margin-block-end: 15px; font-size: 0.9em; color: rgb(84, 89, 95); font-family: Roboto, sans-serif; text-align: justify;\"><tbody><tr><th style=\"padding: 15px; line-height: 1.5; vertical-align: top; border: 1px solid rgba(128, 128, 128, 0.5); background-color: rgba(128, 128, 128, 0.07);\">Statistic</th><th style=\"padding: 15px; line-height: 1.5; vertical-align: top; border: 1px solid rgba(128, 128, 128, 0.5); background-color: rgba(128, 128, 128, 0.07);\">Value</th></tr><tr><td style=\"padding: 15px; line-height: 1.5; vertical-align: top; border: 1px solid rgba(128, 128, 128, 0.5);\">Distance of migration from Mecca to Medina</td><td style=\"padding: 15px; line-height: 1.5; vertical-align: top; border: 1px solid rgba(128, 128, 128, 0.5);\">320 kilometers (200 miles)</td></tr><tr><td style=\"padding: 15px; line-height: 1.5; vertical-align: top; border: 1px solid rgba(128, 128, 128, 0.5); background-color: rgba(128, 128, 128, 0.07);\">Year of the Hijrah</td><td style=\"padding: 15px; line-height: 1.5; vertical-align: top; border: 1px solid rgba(128, 128, 128, 0.5); background-color: rgba(128, 128, 128, 0.07);\">622 CE</td></tr><tr><td style=\"padding: 15px; line-height: 1.5; vertical-align: top; border: 1px solid rgba(128, 128, 128, 0.5);\">Number of early Muslim converts in Medina</td><td style=\"padding: 15px; line-height: 1.5; vertical-align: top; border: 1px solid rgba(128, 128, 128, 0.5);\">Primarily from clans that had not produced great leaders and faced challenges from warlike leaders of other clans</td></tr></tbody></table><blockquote style=\"color: rgb(84, 89, 95); font-family: Roboto, sans-serif; font-size: 16px; text-align: justify;\"><p style=\"margin-block: 0px 0.9rem;\">“The delegation from Medina, representing twelve important clans, invited Muhammad to serve as chief arbitrator for the community. They emphasized neutrality and leadership in this role.”</p></blockquote><h2 style=\"margin-block: 0.5rem 1rem; font-family: Roboto, sans-serif; font-weight: bold; line-height: 1.5; font-size: 28px; text-align: center;\"><span class=\"ez-toc-section\" id=\"Hijra_to_Medina\" ez-toc-data-id=\"#Hijra_to_Medina\"></span>Hijra to Medina<span class=\"ez-toc-section-end\"></span></h2><p style=\"margin-block: 0px 0.9rem; color: rgb(84, 89, 95); font-family: Roboto, sans-serif; font-size: 16px; text-align: justify;\">In May 622 CE,&nbsp;<em>Prophet Muhammad</em>&nbsp;secretly left Mecca for Medina. He made this journey with&nbsp;<em>Abu Bakr</em>, his friend and father-in-law. This event, the&nbsp;<em>Hijrah migration</em>, was critical in Islamic history.</p><p style=\"margin-block: 0px 0.9rem; color: rgb(84, 89, 95); font-family: Roboto, sans-serif; font-size: 16px; text-align: justify;\">He could have reached Medina before his followers left Mecca. Yet, he stayed behind. This was to keep an eye on them and help those unsure. Eventually, all Muslims in Mecca joined him.</p><p style=\"margin-block: 0px 0.9rem; color: rgb(84, 89, 95); font-family: Roboto, sans-serif; font-size: 16px; text-align: justify;\">Forced to leave Mecca,&nbsp;<em>Muhammad</em>&nbsp;hid in a cave from&nbsp;<em>Quraysh</em>. They planned his assassination. To deceive them,&nbsp;<em>Muhammad</em>&nbsp;left his cousin&nbsp;<em>Ali ibn Abi Talib</em>&nbsp;in his place. He was protected by&nbsp;<em>Muhammad</em></p><blockquote style=\"color: rgb(84, 89, 95); font-family: Roboto, sans-serif; font-size: 16px; text-align: justify;\"><p style=\"margin-block: 0px 0.9rem;\">“The Hijrah route is described as mountainous and difficult terrain, requiring individuals to walk through meandering valleys that are rocky.”</p></blockquote><p style=\"margin-block: 0px 0.9rem; color: rgb(84, 89, 95); font-family: Roboto, sans-serif; font-size: 16px; text-align: justify;\">The&nbsp;<em>Hijrah migration</em>&nbsp;was a testament to&nbsp;<em>Muhammad</em>‘s leadership. It was the start of the&nbsp;<span style=\"font-weight: bolder;\">Islamic calendar</span>.&nbsp;<em>Muhammad</em>&nbsp;laid the foundation for a strong Muslim community in Medina. This journey was key to the early Islamic empire’s growth.</p><h2 style=\"margin-block: 0.5rem 1rem; font-family: Roboto, sans-serif; font-weight: bold; line-height: 1.5; font-size: 28px; text-align: center;\"><span class=\"ez-toc-section\" id=\"Aftermath_and_Impact_of_the_Hijrah\" ez-toc-data-id=\"#Aftermath_and_Impact_of_the_Hijrah\"></span>Aftermath and Impact of the Hijrah<span class=\"ez-toc-section-end\"></span></h2><p style=\"margin-block: 0px 0.9rem; color: rgb(84, 89, 95); font-family: Roboto, sans-serif; font-size: 16px; text-align: justify;\">The Hijrah stands out as a key event in Islamic history. It’s the migration of&nbsp;<span style=\"font-weight: bolder;\">Prophet Muhammad</span>&nbsp;from Mecca to Medina in 622 CE. This journey changed the Muslim world’s course and started the use of the&nbsp;<span style=\"font-weight: bolder;\">Islamic calendar</span>, called the&nbsp;<span style=\"font-weight: bolder;\">Hijri calendar</span>.</p><h3 style=\"margin-block: 0.5rem 1rem; font-family: Roboto, sans-serif; font-weight: bold; line-height: 1.5; font-size: 28px; text-align: justify;\"><span class=\"ez-toc-section\" id=\"Establishment_of_the_Islamic_Calendar\" ez-toc-data-id=\"#Establishment_of_the_Islamic_Calendar\"></span>Establishment of the Islamic Calendar<span class=\"ez-toc-section-end\"></span></h3><p style=\"margin-block: 0px 0.9rem; color: rgb(84, 89, 95); font-family: Roboto, sans-serif; font-size: 16px; text-align: justify;\">In 638 CE,&nbsp;<em>Umar ibn Al-Khattab</em>, the second Rashidun Caliph, set the year the Hijrah happened as the first year of the Islamic calendar. Known for short as AH, this Islamic calendar starts from the Hijrah. It’s still in use to list&nbsp;<span style=\"font-weight: bolder;\">Hijri dates</span>. About the exact date of the Hijrah, there’s a bit of debate. Some say it was on the first or second day of&nbsp;<em>Rabi ‘u-l-awwal</em>, the third month of the Arabian year.</p><p style=\"margin-block: 0px 0.9rem; color: rgb(84, 89, 95); font-family: Roboto, sans-serif; font-size: 16px; text-align: justify;\">The Islamic calendar works by the&nbsp;<span style=\"font-weight: bolder;\">lunar method</span>. It begins counting from the year of the Hijrah, around July 622 CE. This calendar is key to how Muslims all around the world celebrate important holidays and events.</p><blockquote style=\"color: rgb(84, 89, 95); font-family: Roboto, sans-serif; font-size: 16px; text-align: justify;\"><p style=\"margin-block: 0px 0.9rem;\">“The Hijrah marks the starting point of the Muslim era and the establishment of the Islamic calendar, also known as the&nbsp;<span style=\"font-weight: bolder;\">Hijri calendar</span>.”</p></blockquote><p style=\"margin-block: 0px 0.9rem; color: rgb(84, 89, 95); font-family: Roboto, sans-serif; font-size: 16px; text-align: justify;\">The&nbsp;<span style=\"font-weight: bolder;\">Hijri calendar</span>&nbsp;was officially taken up by the&nbsp;<em>Ottoman government</em>&nbsp;in 1677-78 (AH 1088). Today, it’s still widely used in many places with Muslim-majority populations. This shows how important the Hijrah was in shaping Islamic traditions.</p><p style=\"margin-block: 0px 0.9rem; color: rgb(84, 89, 95); font-family: Roboto, sans-serif; font-size: 16px; text-align: justify;\"></p><div class=\"perfmatters-lazy-youtube\" data-src=\"https://www.youtube.com/embed/_9GJWdPPE2s\" data-id=\"_9GJWdPPE2s\" data-query=\"feature=oembed\" style=\"position: relative; width: 766.516px; max-width: 100%; height: 0px; padding-bottom: 431px; overflow: hidden; color: rgb(84, 89, 95); font-family: Roboto, sans-serif; font-size: 16px; text-align: justify;\"><img src=\"https://i.ytimg.com/vi/_9GJWdPPE2s/hqdefault.jpg\" alt=\"YouTube video\" width=\"480\" height=\"360\" data-pin-nopin=\"true\" nopin=\"nopin\" class=\"perfmatters-lazy entered pmloaded\" data-src=\"https://i.ytimg.com/vi/_9GJWdPPE2s/hqdefault.jpg\" data-ll-status=\"loaded\" style=\"border-width: initial; border-style: none; height: auto; max-width: 100%; border-radius: 0px; box-shadow: none; position: absolute; inset: 0px; display: block; width: 766.516px; margin: auto; cursor: pointer; transition: all 0.5s ease 0s;\"><div class=\"play\" style=\"position: absolute; top: 215.5px; left: 383.25px; right: auto; width: 68px; height: 48px; margin-left: -34px; margin-top: -24px; background: url(&quot;https://mishkahacademy.com/wp-content/plugins/perfmatters/img/youtube.svg&quot;) center center / cover no-repeat; pointer-events: none;\"></div></div><p style=\"margin-block: 0px 0.9rem; color: rgb(84, 89, 95); font-family: Roboto, sans-serif; font-size: 16px; text-align: justify;\"></p><p style=\"margin-block: 0px 0.9rem; color: rgb(84, 89, 95); font-family: Roboto, sans-serif; font-size: 16px; text-align: justify;\">The Hijrah not only started the Islamic calendar. It also changed Islam from an individual devotion to a complete way of life. It led to a community in Medina where religious, economic, and political life were united. This new phase in Islam’s history prepared the ground for its large-scale growth and the expansion of the Muslim empire.</p><h3 style=\"margin-block: 0.5rem 1rem; font-family: Roboto, sans-serif; font-weight: bold; line-height: 1.5; font-size: 28px; text-align: center;\"><span class=\"ez-toc-section\" id=\"The_Ansar_and_Muhajiroon\" ez-toc-data-id=\"#The_Ansar_and_Muhajiroon\"></span>The Ansar and Muhajiroon<span class=\"ez-toc-section-end\"></span></h3><p style=\"margin-block: 0px 0.9rem; color: rgb(84, 89, 95); font-family: Roboto, sans-serif; font-size: 16px; text-align: justify;\">Prophet Muhammad’s migration brought forth a unique group of Muslims, the “anṣār” or “helpers.” They were from Medina. These people warmly received and aided Muhammad and his followers from Mecca, the “muhājirūn.”</p><p style=\"margin-block: 0px 0.9rem; color: rgb(84, 89, 95); font-family: Roboto, sans-serif; font-size: 16px; text-align: justify;\">The “muhājirūn” were those who left Mecca for Medina with the prophet. They faced troubles and persecution in Mecca. The Quran hails their early faith and sacrifices. The “muhājirūn” were deeply respected in the growing Muslim community and later led after Muhammad died.</p><p style=\"margin-block: 0px 0.9rem; color: rgb(84, 89, 95); font-family: Roboto, sans-serif; font-size: 16px; text-align: justify;\">Then there were the “anṣār,” belonging to Medinese tribes that were rivals. These tribes, al-Khazraj and al-Aws, came together under Muhammad’s leadership. They then supported him, making up most of his forces at the crucial Battle of Badr in 624 CE.</p><p style=\"margin-block: 0px 0.9rem; color: rgb(84, 89, 95); font-family: Roboto, sans-serif; font-size: 16px; text-align: justify;\">The unbreakable bond between the “anṣār” and “muhājirūn” was created through a brotherhood pact. It linked individuals from each group like family. This boosted unity and friendship in the early Islamic community.</p><table style=\"background-color: rgb(255, 255, 255); width: 766.516px; margin-block-end: 15px; font-size: 0.9em; color: rgb(84, 89, 95); font-family: Roboto, sans-serif; text-align: justify;\"><tbody><tr><th style=\"padding: 15px; line-height: 1.5; vertical-align: top; border: 1px solid rgba(128, 128, 128, 0.5); background-color: rgba(128, 128, 128, 0.07);\">Ansar</th><th style=\"padding: 15px; line-height: 1.5; vertical-align: top; border: 1px solid rgba(128, 128, 128, 0.5); background-color: rgba(128, 128, 128, 0.07);\">Muhajiroon</th></tr><tr><td style=\"padding: 15px; line-height: 1.5; vertical-align: top; border: 1px solid rgba(128, 128, 128, 0.5);\"><ul style=\"margin-block: 0px; border: 0px; outline: 0px; font-size: 14.4px; vertical-align: baseline; background: transparent;\"><li style=\"margin-block: 0px; border: 0px; outline: 0px; font-size: 14.4px; vertical-align: baseline; background: transparent;\">Members of the Medinese tribes of Banu Khazraj and Banu Aus</li><li style=\"margin-block: 0px; border: 0px; outline: 0px; font-size: 14.4px; vertical-align: baseline; background: transparent;\">Welcomed and supported Prophet Muhammad and his Meccan followers</li><li style=\"margin-block: 0px; border: 0px; outline: 0px; font-size: 14.4px; vertical-align: baseline; background: transparent;\">Prominent figures included Sa’d ibn Ubadah, Ubay ibn Ka’b, Zayd ibn Thabit, and Hassan ibn Thabit</li><li style=\"margin-block: 0px; border: 0px; outline: 0px; font-size: 14.4px; vertical-align: baseline; background: transparent;\">Constituted three-quarters of the Muslim army at the Battle of Badr</li></ul></td><td style=\"padding: 15px; line-height: 1.5; vertical-align: top; border: 1px solid rgba(128, 128, 128, 0.5);\"><ul style=\"margin-block: 0px; border: 0px; outline: 0px; font-size: 14.4px; vertical-align: baseline; background: transparent;\"><li style=\"margin-block: 0px; border: 0px; outline: 0px; font-size: 14.4px; vertical-align: baseline; background: transparent;\"><span style=\"font-weight: bolder;\">Companions of the prophet</span>&nbsp;who emigrated from Mecca to Medina</li><li style=\"margin-block: 0px; border: 0px; outline: 0px; font-size: 14.4px; vertical-align: baseline; background: transparent;\">Faced persecution and hardships in Mecca, praised in the Quran for their sacrifices</li><li style=\"margin-block: 0px; border: 0px; outline: 0px; font-size: 14.4px; vertical-align: baseline; background: transparent;\">Remained a highly esteemed group within the Muslim community</li><li style=\"margin-block: 0px; border: 0px; outline: 0px; font-size: 14.4px; vertical-align: baseline; background: transparent;\">Assumed leadership through the&nbsp;<span style=\"font-weight: bolder;\">caliphate</span>&nbsp;after Muhammad’s death</li></ul></td></tr></tbody></table><p style=\"margin-block: 0px 0.9rem; color: rgb(84, 89, 95); font-family: Roboto, sans-serif; font-size: 16px; text-align: justify;\">The&nbsp;<span style=\"font-weight: bolder;\">Ansar</span>&nbsp;and&nbsp;<span style=\"font-weight: bolder;\">Muhajiroon</span>&nbsp;were key in Islam’s early days. They helped set up the first Muslim state in Medina. Their unity and bond, formed during the Hijrah, boosted Islam’s growth and reach.</p><h2 style=\"margin-block: 0.5rem 1rem; font-family: Roboto, sans-serif; font-weight: bold; line-height: 1.5; font-size: 28px; text-align: center;\"><span class=\"ez-toc-section\" id=\"Significance_of_the_Hijra_in_Islamic_History\" ez-toc-data-id=\"#Significance_of_the_Hijra_in_Islamic_History\"></span>Significance of the Hijra in Islamic History<span class=\"ez-toc-section-end\"></span></h2><p style=\"margin-block: 0px 0.9rem; color: rgb(84, 89, 95); font-family: Roboto, sans-serif; font-size: 16px; text-align: justify;\">The Hijrah refers to&nbsp;<span style=\"font-weight: bolder;\">the migration of Prophet Muhammad and his followers from Makkah to Medina</span>. This journey was very important in Islamic history. It marked the start of the first Muslim community and a new chapter for Islam. The&nbsp;<em>significance of the Hijrah</em>&nbsp;goes far beyond moving places. It set the stage for the growth and spread of Islam around the world.</p><h3 style=\"margin-block: 0.5rem 1rem; font-family: Roboto, sans-serif; font-weight: bold; line-height: 1.5; font-size: 28px; text-align: justify;\"><span class=\"ez-toc-section\" id=\"The_Hijri_Calendar_and_Its_Importance\" ez-toc-data-id=\"#The_Hijri_Calendar_and_Its_Importance\"></span>The Hijri Calendar and Its Importance<span class=\"ez-toc-section-end\"></span></h3><p style=\"margin-block: 0px 0.9rem; color: rgb(84, 89, 95); font-family: Roboto, sans-serif; font-size: 16px; text-align: justify;\">One major result of the Hijrah was introducing the&nbsp;<em>Islamic or Hijri calendar</em>. This calendar is based on the moon and was set up in 639 CE by Umar I, the second caliph. It’s the main way Muslims keep track of time. The Hijri calendar is key for knowing the dates of important Islamic events like Ramadan and Eid.</p><h3 style=\"margin-block: 0.5rem 1rem; font-family: Roboto, sans-serif; font-weight: bold; line-height: 1.5; font-size: 28px; text-align: justify;\"><span class=\"ez-toc-section\" id=\"Calculations_of_the_Hijri_Date\" ez-toc-data-id=\"#Calculations_of_the_Hijri_Date\"></span>Calculations of the Hijri Date<span class=\"ez-toc-section-end\"></span></h3><p style=\"margin-block: 0px 0.9rem; color: rgb(84, 89, 95); font-family: Roboto, sans-serif; font-size: 16px; text-align: justify;\">The Hijri calendar’s year starts on the first day of Muharram. This is the first month of the Islamic year. The Hijri year began on July 16, 622, in the Julian calendar. Back then, a new moon was likely spotted on the night of July 15, 622.</p><p style=\"margin-block: 0px 0.9rem; color: rgb(84, 89, 95); font-family: Roboto, sans-serif; font-size: 16px; text-align: justify;\">The&nbsp;<em>Hijri calendar</em>&nbsp;shows us the importance of the Hijrah in Islamic history. It’s not just a way to tell time for Muslims around the world. It also shows their strong connection to Islam’s teachings.</p><blockquote style=\"color: rgb(84, 89, 95); font-family: Roboto, sans-serif; font-size: 16px; text-align: justify;\"><p style=\"margin-block: 0px 0.9rem;\">“The Hijrah represents a profound turning point in the history of Islam, as it marked the establishment of the first Muslim community and the beginning of a new era for the faith.”</p></blockquote><h2 style=\"margin-block: 0.5rem 1rem; font-family: Roboto, sans-serif; font-weight: bold; line-height: 1.5; font-size: 28px; text-align: center;\"><span class=\"ez-toc-section\" id=\"Celebrations_and_Commemorations_of_the_Hijrah\" ez-toc-data-id=\"#Celebrations_and_Commemorations_of_the_Hijrah\"></span>Celebrations and Commemorations of the Hijrah<span class=\"ez-toc-section-end\"></span></h2><p style=\"margin-block: 0px 0.9rem; color: rgb(84, 89, 95); font-family: Roboto, sans-serif; font-size: 16px; text-align: justify;\">The Hijrah marks Prophet Muhammad’s move from Mecca to Medina. It is a key event in Islamic history. Muslims observe and celebrate this moment through&nbsp;<span style=\"font-weight: bolder;\">Eid al-Adha</span>&nbsp;and&nbsp;<span style=\"font-weight: bolder;\">Eid al-Fitr</span>.</p><p style=\"margin-block: 0px 0.9rem; color: rgb(84, 89, 95); font-family: Roboto, sans-serif; font-size: 16px; text-align: justify;\"><span style=\"font-weight: bolder;\">Eid al-Adha</span>&nbsp;is the “Festival of Sacrifice.” It honors Prophet Abraham’s readiness to sacrifice his son for Allah. This event reflects the sacrifices of early Muslims during the Hijrah.</p><p style=\"margin-block: 0px 0.9rem; color: rgb(84, 89, 95); font-family: Roboto, sans-serif; font-size: 16px; text-align: justify;\"><span style=\"font-weight: bolder;\">Eid al-Fitr</span>&nbsp;ends Ramadan, a time of fasting and reflection. This celebration marks a sacred journey’s completion. It shows a renewed dedication to Islamic values, thanks to the safe haven from the Hijrah.</p><p style=\"margin-block: 0px 0.9rem; color: rgb(84, 89, 95); font-family: Roboto, sans-serif; font-size: 16px; text-align: justify;\">Muslims also celebrate the Islamic New Year and Prophet Muhammad’s birthday. These events, based on the Hijri calendar, highlight the Hijrah’s historical and cultural contributions.</p><p style=\"margin-block: 0px 0.9rem; color: rgb(84, 89, 95); font-family: Roboto, sans-serif; font-size: 16px; text-align: justify;\">These traditions are global and unifying within the Muslim community. They are furthered through social media, exhibitions, and local events. These efforts help keep the Hijrah’s importance alive.</p><blockquote style=\"color: rgb(84, 89, 95); font-family: Roboto, sans-serif; font-size: 16px; text-align: justify;\"><p style=\"margin-block: 0px 0.9rem;\">“The Hijrah marked the establishment of the first Islamic state and provided a safe environment for practicing Islam. It is a testament to the perseverance and sacrifice of the early Muslims, and a reminder of the enduring principles of faith, unity, and resilience that define the Islamic tradition.”</p></blockquote><p style=\"margin-block: 0px 0.9rem; color: rgb(84, 89, 95); font-family: Roboto, sans-serif; font-size: 16px; text-align: justify;\">The&nbsp;<span style=\"font-weight: bolder;\">Hijrah celebrations</span>&nbsp;are more than symbolic. They connect Muslims with their historical roots. They inspire a future based on the early Islamic community’s principles.</p><h3 style=\"margin-block: 0.5rem 1rem; font-family: Roboto, sans-serif; font-weight: bold; line-height: 1.5; font-size: 28px; text-align: center;\"><span class=\"ez-toc-section\" id=\"The_Constitution_of_Medina\" ez-toc-data-id=\"#The_Constitution_of_Medina\"></span>The Constitution of Medina<span class=\"ez-toc-section-end\"></span></h3><p style=\"margin-block: 0px 0.9rem; color: rgb(84, 89, 95); font-family: Roboto, sans-serif; font-size: 16px; text-align: justify;\">When Prophet Muhammad reached Medina, he made a memorable agreement. It’s called the&nbsp;<span style=\"font-weight: bolder;\">Constitution of Medina</span>&nbsp;or the&nbsp;<span style=\"font-weight: bolder;\">Medina Charter</span>. This pact marked the start of the Muslim community as a social and political group. It detailed the rights and duties of the Muslim emigrants, local Muslim Helpers, and&nbsp;<span style=\"font-weight: bolder;\">Jewish tribes</span>&nbsp;in Medina.</p><p style=\"margin-block: 0px 0.9rem; color: rgb(84, 89, 95); font-family: Roboto, sans-serif; font-size: 16px; text-align: justify;\">Many experts, like Dr. Muhammad Hamidullah, see the&nbsp;<span style=\"font-weight: bolder;\">Constitution of Medina</span>&nbsp;as a groundbreaking text. They believe it’s the first written constitution ever. This document was key to building the Islamic state under Muhammad.</p><p style=\"margin-block: 0px 0.9rem; color: rgb(84, 89, 95); font-family: Roboto, sans-serif; font-size: 16px; text-align: justify;\">Some debate whether to call it a constitution, treaty, or charter. Questions around its exact form and authorship have come up. Despite this, versions provided by Abū ʿUbayd and Ibn Isḥāq are widely seen as accurate.</p><p style=\"margin-block: 0px 0.9rem; color: rgb(84, 89, 95); font-family: Roboto, sans-serif; font-size: 16px; text-align: justify;\">The Constitution covered a lot: dealing with prisoners, blood money, and debts relief. It also dealt with rebellion, protecting believers, and handling alliances. Moreover, it outlined rules for legal issues, like punishing murderers and sharing war costs between groups.</p><p style=\"margin-block: 0px 0.9rem; color: rgb(84, 89, 95); font-family: Roboto, sans-serif; font-size: 16px; text-align: justify;\">Medina was home to different groups, including local&nbsp;<span style=\"font-weight: bolder;\">Arab tribes</span>&nbsp;and Jewish tribes. The Constitution highlighted the rights and obligations of all citizens. It showed Muhammad as the political leader in this diverse state.</p><p style=\"margin-block: 0px 0.9rem; color: rgb(84, 89, 95); font-family: Roboto, sans-serif; font-size: 16px; text-align: justify;\">The&nbsp;<span style=\"font-weight: bolder;\">Constitution of Medina</span>&nbsp;was a crucial step in forming Islamic governance. It laid the foundation for the future Islamic empire. This document shows Muhammad’s skills in uniting different groups under his leadership.</p><table style=\"background-color: rgb(255, 255, 255); width: 766.516px; margin-block-end: 15px; font-size: 0.9em; color: rgb(84, 89, 95); font-family: Roboto, sans-serif; text-align: justify;\"><tbody><tr><th style=\"padding: 15px; line-height: 1.5; vertical-align: top; border: 1px solid rgba(128, 128, 128, 0.5); background-color: rgba(128, 128, 128, 0.07);\">Key Aspects of the Constitution of Medina</th><th style=\"padding: 15px; line-height: 1.5; vertical-align: top; border: 1px solid rgba(128, 128, 128, 0.5); background-color: rgba(128, 128, 128, 0.07);\">Description</th></tr><tr><td style=\"padding: 15px; line-height: 1.5; vertical-align: top; border: 1px solid rgba(128, 128, 128, 0.5);\">Authenticity and Composition</td><td style=\"padding: 15px; line-height: 1.5; vertical-align: top; border: 1px solid rgba(128, 128, 128, 0.5);\">The authenticity of the document in its reported form has been questioned, with scholars reaching different conclusions on its exact composition and authorship. The versions provided by Abū ʿUbayd and Ibn Isḥāq are widely accepted as authentic.</td></tr><tr><td style=\"padding: 15px; line-height: 1.5; vertical-align: top; border: 1px solid rgba(128, 128, 128, 0.5); background-color: rgba(128, 128, 128, 0.1);\">Scope and Provisions</td><td style=\"padding: 15px; line-height: 1.5; vertical-align: top; border: 1px solid rgba(128, 128, 128, 0.5); background-color: rgba(128, 128, 128, 0.1);\">The Constitution addressed a wide range of issues, including the handling of prisoners, blood money, debts relief, rebellion, protection of believers, alliances, and inter-community relations. It also laid down rules for legal matters like retaliation for killing believers, protection of believers against non-believers, penalties for murderers, and the sharing of war expenses between Muslims and Jews in times of conflict.</td></tr><tr><td style=\"padding: 15px; line-height: 1.5; vertical-align: top; border: 1px solid rgba(128, 128, 128, 0.5);\">Diverse Population of Medina</td><td style=\"padding: 15px; line-height: 1.5; vertical-align: top; border: 1px solid rgba(128, 128, 128, 0.5);\">The population of Medina at the time included two supergroup local&nbsp;<span style=\"font-weight: bolder;\">Arab tribes</span>, the Aus and the Khazraj, with eight clans and 33 smaller groups under them, as well as around 20 Jewish tribes. The Constitution outlined the rights and duties of all citizens, establishing&nbsp;<span style=\"font-weight: bolder;\">Muhammad’s political leadership</span>&nbsp;over this multi-religious state.</td></tr><tr><td style=\"padding: 15px; line-height: 1.5; vertical-align: top; border: 1px solid rgba(128, 128, 128, 0.5); background-color: rgba(128, 128, 128, 0.07);\">Significance in Islamic History</td><td style=\"padding: 15px; line-height: 1.5; vertical-align: top; border: 1px solid rgba(128, 128, 128, 0.5); background-color: rgba(128, 128, 128, 0.07);\">The Constitution of Medina represented a landmark in the development of Islamic governance and laid the groundwork for the future growth of the Islamic empire. It stands as a testament to Muhammad’s political acumen and his ability to forge unity among diverse groups.</td></tr></tbody></table><p style=\"margin-block: 0px 0.9rem; color: rgb(84, 89, 95); font-family: Roboto, sans-serif; font-size: 16px; text-align: justify;\">The&nbsp;<em>Constitution of Medina</em>&nbsp;greatly influenced Islamic history. By defining roles in Medina, it set the stage for the&nbsp;<em>Medina Charter</em>&nbsp;and Muhammad’s&nbsp;<em>political leadership</em>. It helped the Islamic state to grow.</p>",
        "created_at": "2024-08-05T23:30:36.728Z",
        "updated_at": "2024-08-05T23:30:36.782Z"
    }
},
{
    "model": "learning.curriculum",
    "pk": 1,
    "fields": {
        "description": "Quran Utla Academy offers 25 Online Quran, Arabic & Islamic Studies Courses designed by Expert Islamic Scholars from a beginner to an advanced level for Kids & Adults with the help of Expert Native Arab Tutors, fluent in English, and graduate of prestigious Islamic Universities (Al Azhar University, Egypt _ Madina Islamic University, Saudi Arabia)."
    }
},
{
    "model": "learning.methodology",
    "pk": 1,
    "fields": {
        "description": "The Best Online Learning Platform, Offering an online learning service is challenging, but not if you have the best-qualified Tutors and a well-structured curriculum."
    }
},
{
    "model": "learning.steps_to_start",
    "pk": 1,
    "fields": {
        "title": "Fill in the Trial Form below."
    }
},
{
    "model": "learning.steps_to_start",
    "pk": 2,
    "fields": {
        "title": "Book your Free Trial Class."
    }
},
{
    "model": "learning.steps_to_start",
    "pk": 3,
    "fields": {
        "title": "Choose Your Study Plan."
    }
},
{
    "model": "learning.study_plan",
    "pk": 1,
    "fields": {
        "title": "High Quality & Low Fees"
    }
},
{
    "model": "learning.study_plan",
    "pk": 2,
    "fields": {
        "title": "Up To 20% Discount Now"
    }
},
{
    "model": "learning.study_plan",
    "pk": 3,
    "fields": {
        "title": "$8 Instead Of $10 Per Hour"
    }
},
{
    "model": "learning.study_plan",
    "pk": 4,
    "fields": {
        "title": "Starting From $40 Monthly"
    }
},
{
    "model": "auth.permission",
    "fields": {
        "name": "Can add permission",
        "content_type": [
            "auth",
            "permission"
        ],
        "codename": "add_permission"
    }
},
{
    "model": "auth.permission",
    "fields": {
        "name": "Can change permission",
        "content_type": [
            "auth",
            "permission"
        ],
        "codename": "change_permission"
    }
},
{
    "model": "auth.permission",
    "fields": {
        "name": "Can delete permission",
        "content_type": [
            "auth",
            "permission"
        ],
        "codename": "delete_permission"
    }
},
{
    "model": "auth.permission",
    "fields": {
        "name": "Can view permission",
        "content_type": [
            "auth",
            "permission"
        ],
        "codename": "view_permission"
    }
},
{
    "model": "auth.permission",
    "fields": {
        "name": "Can add group",
        "content_type": [
            "auth",
            "group"
        ],
        "codename": "add_group"
    }
},
{
    "model": "auth.permission",
    "fields": {
        "name": "Can change group",
        "content_type": [
            "auth",
            "group"
        ],
        "codename": "change_group"
    }
},
{
    "model": "auth.permission",
    "fields": {
        "name": "Can delete group",
        "content_type": [
            "auth",
            "group"
        ],
        "codename": "delete_group"
    }
},
{
    "model": "auth.permission",
    "fields": {
        "name": "Can view group",
        "content_type": [
            "auth",
            "group"
        ],
        "codename": "view_group"
    }
},
{
    "model": "auth.permission",
    "fields": {
        "name": "Can add content type",
        "content_type": [
            "contenttypes",
            "contenttype"
        ],
        "codename": "add_contenttype"
    }
},
{
    "model": "auth.permission",
    "fields": {
        "name": "Can change content type",
        "content_type": [
            "contenttypes",
            "contenttype"
        ],
        "codename": "change_contenttype"
    }
},
{
    "model": "auth.permission",
    "fields": {
        "name": "Can delete content type",
        "content_type": [
            "contenttypes",
            "contenttype"
        ],
        "codename": "delete_contenttype"
    }
},
{
    "model": "auth.permission",
    "fields": {
        "name": "Can view content type",
        "content_type": [
            "contenttypes",
            "contenttype"
        ],
        "codename": "view_contenttype"
    }
},
{
    "model": "auth.permission",
    "fields": {
        "name": "Can add session",
        "content_type": [
            "sessions",
            "session"
        ],
        "codename": "add_session"
    }
},
{
    "model": "auth.permission",
    "fields": {
        "name": "Can change session",
        "content_type": [
            "sessions",
            "session"
        ],
        "codename": "change_session"
    }
},
{
    "model": "auth.permission",
    "fields": {
        "name": "Can delete session",
        "content_type": [
            "sessions",
            "session"
        ],
        "codename": "delete_session"
    }
},
{
    "model": "auth.permission",
    "fields": {
        "name": "Can view session",
        "content_type": [
            "sessions",
            "session"
        ],
        "codename": "view_session"
    }
},
{
    "model": "auth.permission",
    "fields": {
        "name": "Can add log entry",
        "content_type": [
            "admin",
            "logentry"
        ],
        "codename": "add_logentry"
    }
},
{
    "model": "auth.permission",
    "fields": {
        "name": "Can change log entry",
        "content_type": [
            "admin",
            "logentry"
        ],
        "codename": "change_logentry"
    }
},
{
    "model": "auth.permission",
    "fields": {
        "name": "Can delete log entry",
        "content_type": [
            "admin",
            "logentry"
        ],
        "codename": "delete_logentry"
    }
},
{
    "model": "auth.permission",
    "fields": {
        "name": "Can view log entry",
        "content_type": [
            "admin",
            "logentry"
        ],
        "codename": "view_logentry"
    }
},
{
    "model": "auth.permission",
    "fields": {
        "name": "Can add attachment",
        "content_type": [
            "django_summernote",
            "attachment"
        ],
        "codename": "add_attachment"
    }
},
{
    "model": "auth.permission",
    "fields": {
        "name": "Can change attachment",
        "content_type": [
            "django_summernote",
            "attachment"
        ],
        "codename": "change_attachment"
    }
},
{
    "model": "auth.permission",
    "fields": {
        "name": "Can delete attachment",
        "content_type": [
            "django_summernote",
            "attachment"
        ],
        "codename": "delete_attachment"
    }
},
{
    "model": "auth.permission",
    "fields": {
        "name": "Can view attachment",
        "content_type": [
            "django_summernote",
            "attachment"
        ],
        "codename": "view_attachment"
    }
},
{
    "model": "auth.permission",
    "fields": {
        "name": "Can add billing months",
        "content_type": [
            "dashboard",
            "billingmonths"
        ],
        "codename": "add_billingmonths"
    }
},
{
    "model": "auth.permission",
    "fields": {
        "name": "Can change billing months",
        "content_type": [
            "dashboard",
            "billingmonths"
        ],
        "codename": "change_billingmonths"
    }
},
{
    "model": "auth.permission",
    "fields": {
        "name": "Can delete billing months",
        "content_type": [
            "dashboard",
            "billingmonths"
        ],
        "codename": "delete_billingmonths"
    }
},
{
    "model": "auth.permission",
    "fields": {
        "name": "Can view billing months",
        "content_type": [
            "dashboard",
            "billingmonths"
        ],
        "codename": "view_billingmonths"
    }
},
{
    "model": "auth.permission",
    "fields": {
        "name": "Can add tax",
        "content_type": [
            "dashboard",
            "tax"
        ],
        "codename": "add_tax"
    }
},
{
    "model": "auth.permission",
    "fields": {
        "name": "Can change tax",
        "content_type": [
            "dashboard",
            "tax"
        ],
        "codename": "change_tax"
    }
},
{
    "model": "auth.permission",
    "fields": {
        "name": "Can delete tax",
        "content_type": [
            "dashboard",
            "tax"
        ],
        "codename": "delete_tax"
    }
},
{
    "model": "auth.permission",
    "fields": {
        "name": "Can view tax",
        "content_type": [
            "dashboard",
            "tax"
        ],
        "codename": "view_tax"
    }
},
{
    "model": "auth.permission",
    "fields": {
        "name": "Can add custom user",
        "content_type": [
            "dashboard",
            "customuser"
        ],
        "codename": "add_customuser"
    }
},
{
    "model": "auth.permission",
    "fields": {
        "name": "Can change custom user",
        "content_type": [
            "dashboard",
            "customuser"
        ],
        "codename": "change_customuser"
    }
},
{
    "model": "auth.permission",
    "fields": {
        "name": "Can delete custom user",
        "content_type": [
            "dashboard",
            "customuser"
        ],
        "codename": "delete_customuser"
    }
},
{
    "model": "auth.permission",
    "fields": {
        "name": "Can view custom user",
        "content_type": [
            "dashboard",
            "customuser"
        ],
        "codename": "view_customuser"
    }
},
{
    "model": "auth.permission",
    "fields": {
        "name": "Can add instructor",
        "content_type": [
            "dashboard",
            "instructor"
        ],
        "codename": "add_instructor"
    }
},
{
    "model": "auth.permission",
    "fields": {
        "name": "Can change instructor",
        "content_type": [
            "dashboard",
            "instructor"
        ],
        "codename": "change_instructor"
    }
},
{
    "model": "auth.permission",
    "fields": {
        "name": "Can delete instructor",
        "content_type": [
            "dashboard",
            "instructor"
        ],
        "codename": "delete_instructor"
    }
},
{
    "model": "auth.permission",
    "fields": {
        "name": "Can view instructor",
        "content_type": [
            "dashboard",
            "instructor"
        ],
        "codename": "view_instructor"
    }
},
{
    "model": "auth.permission",
    "fields": {
        "name": "Can add manager",
        "content_type": [
            "dashboard",
            "manager"
        ],
        "codename": "add_manager"
    }
},
{
    "model": "auth.permission",
    "fields": {
        "name": "Can change manager",
        "content_type": [
            "dashboard",
            "manager"
        ],
        "codename": "change_manager"
    }
},
{
    "model": "auth.permission",
    "fields": {
        "name": "Can delete manager",
        "content_type": [
            "dashboard",
            "manager"
        ],
        "codename": "delete_manager"
    }
},
{
    "model": "auth.permission",
    "fields": {
        "name": "Can view manager",
        "content_type": [
            "dashboard",
            "manager"
        ],
        "codename": "view_manager"
    }
},
{
    "model": "auth.permission",
    "fields": {
        "name": "Can add families",
        "content_type": [
            "dashboard",
            "families"
        ],
        "codename": "add_families"
    }
},
{
    "model": "auth.permission",
    "fields": {
        "name": "Can change families",
        "content_type": [
            "dashboard",
            "families"
        ],
        "codename": "change_families"
    }
},
{
    "model": "auth.permission",
    "fields": {
        "name": "Can delete families",
        "content_type": [
            "dashboard",
            "families"
        ],
        "codename": "delete_families"
    }
},
{
    "model": "auth.permission",
    "fields": {
        "name": "Can view families",
        "content_type": [
            "dashboard",
            "families"
        ],
        "codename": "view_families"
    }
},
{
    "model": "auth.permission",
    "fields": {
        "name": "Can add student",
        "content_type": [
            "dashboard",
            "student"
        ],
        "codename": "add_student"
    }
},
{
    "model": "auth.permission",
    "fields": {
        "name": "Can change student",
        "content_type": [
            "dashboard",
            "student"
        ],
        "codename": "change_student"
    }
},
{
    "model": "auth.permission",
    "fields": {
        "name": "Can delete student",
        "content_type": [
            "dashboard",
            "student"
        ],
        "codename": "delete_student"
    }
},
{
    "model": "auth.permission",
    "fields": {
        "name": "Can view student",
        "content_type": [
            "dashboard",
            "student"
        ],
        "codename": "view_student"
    }
},
{
    "model": "auth.permission",
    "fields": {
        "name": "Can add instructor_ student",
        "content_type": [
            "dashboard",
            "instructor_student"
        ],
        "codename": "add_instructor_student"
    }
},
{
    "model": "auth.permission",
    "fields": {
        "name": "Can change instructor_ student",
        "content_type": [
            "dashboard",
            "instructor_student"
        ],
        "codename": "change_instructor_student"
    }
},
{
    "model": "auth.permission",
    "fields": {
        "name": "Can delete instructor_ student",
        "content_type": [
            "dashboard",
            "instructor_student"
        ],
        "codename": "delete_instructor_student"
    }
},
{
    "model": "auth.permission",
    "fields": {
        "name": "Can view instructor_ student",
        "content_type": [
            "dashboard",
            "instructor_student"
        ],
        "codename": "view_instructor_student"
    }
},
{
    "model": "auth.permission",
    "fields": {
        "name": "Can add classes",
        "content_type": [
            "dashboard",
            "classes"
        ],
        "codename": "add_classes"
    }
},
{
    "model": "auth.permission",
    "fields": {
        "name": "Can change classes",
        "content_type": [
            "dashboard",
            "classes"
        ],
        "codename": "change_classes"
    }
},
{
    "model": "auth.permission",
    "fields": {
        "name": "Can delete classes",
        "content_type": [
            "dashboard",
            "classes"
        ],
        "codename": "delete_classes"
    }
},
{
    "model": "auth.permission",
    "fields": {
        "name": "Can view classes",
        "content_type": [
            "dashboard",
            "classes"
        ],
        "codename": "view_classes"
    }
},
{
    "model": "auth.permission",
    "fields": {
        "name": "Can add discounts",
        "content_type": [
            "dashboard",
            "discounts"
        ],
        "codename": "add_discounts"
    }
},
{
    "model": "auth.permission",
    "fields": {
        "name": "Can change discounts",
        "content_type": [
            "dashboard",
            "discounts"
        ],
        "codename": "change_discounts"
    }
},
{
    "model": "auth.permission",
    "fields": {
        "name": "Can delete discounts",
        "content_type": [
            "dashboard",
            "discounts"
        ],
        "codename": "delete_discounts"
    }
},
{
    "model": "auth.permission",
    "fields": {
        "name": "Can view discounts",
        "content_type": [
            "dashboard",
            "discounts"
        ],
        "codename": "view_discounts"
    }
},
{
    "model": "auth.permission",
    "fields": {
        "name": "Can add marketer_ student",
        "content_type": [
            "dashboard",
            "marketer_student"
        ],
        "codename": "add_marketer_student"
    }
},
{
    "model": "auth.permission",
    "fields": {
        "name": "Can change marketer_ student",
        "content_type": [
            "dashboard",
            "marketer_student"
        ],
        "codename": "change_marketer_student"
    }
},
{
    "model": "auth.permission",
    "fields": {
        "name": "Can delete marketer_ student",
        "content_type": [
            "dashboard",
            "marketer_student"
        ],
        "codename": "delete_marketer_student"
    }
},
{
    "model": "auth.permission",
    "fields": {
        "name": "Can view marketer_ student",
        "content_type": [
            "dashboard",
            "marketer_student"
        ],
        "codename": "view_marketer_student"
    }
},
{
    "model": "auth.permission",
    "fields": {
        "name": "Can add about",
        "content_type": [
            "about",
            "about"
        ],
        "codename": "add_about"
    }
},
{
    "model": "auth.permission",
    "fields": {
        "name": "Can change about",
        "content_type": [
            "about",
            "about"
        ],
        "codename": "change_about"
    }
},
{
    "model": "auth.permission",
    "fields": {
        "name": "Can delete about",
        "content_type": [
            "about",
            "about"
        ],
        "codename": "delete_about"
    }
},
{
    "model": "auth.permission",
    "fields": {
        "name": "Can view about",
        "content_type": [
            "about",
            "about"
        ],
        "codename": "view_about"
    }
},
{
    "model": "auth.permission",
    "fields": {
        "name": "Can add how_it_works",
        "content_type": [
            "about",
            "how_it_works"
        ],
        "codename": "add_how_it_works"
    }
},
{
    "model": "auth.permission",
    "fields": {
        "name": "Can change how_it_works",
        "content_type": [
            "about",
            "how_it_works"
        ],
        "codename": "change_how_it_works"
    }
},
{
    "model": "auth.permission",
    "fields": {
        "name": "Can delete how_it_works",
        "content_type": [
            "about",
            "how_it_works"
        ],
        "codename": "delete_how_it_works"
    }
},
{
    "model": "auth.permission",
    "fields": {
        "name": "Can view how_it_works",
        "content_type": [
            "about",
            "how_it_works"
        ],
        "codename": "view_how_it_works"
    }
},
{
    "model": "auth.permission",
    "fields": {
        "name": "Can add terms",
        "content_type": [
            "about",
            "terms"
        ],
        "codename": "add_terms"
    }
},
{
    "model": "auth.permission",
    "fields": {
        "name": "Can change terms",
        "content_type": [
            "about",
            "terms"
        ],
        "codename": "change_terms"
    }
},
{
    "model": "auth.permission",
    "fields": {
        "name": "Can delete terms",
        "content_type": [
            "about",
            "terms"
        ],
        "codename": "delete_terms"
    }
},
{
    "model": "auth.permission",
    "fields": {
        "name": "Can view terms",
        "content_type": [
            "about",
            "terms"
        ],
        "codename": "view_terms"
    }
},
{
    "model": "auth.permission",
    "fields": {
        "name": "Can add testimonials",
        "content_type": [
            "about",
            "testimonials"
        ],
        "codename": "add_testimonials"
    }
},
{
    "model": "auth.permission",
    "fields": {
        "name": "Can change testimonials",
        "content_type": [
            "about",
            "testimonials"
        ],
        "codename": "change_testimonials"
    }
},
{
    "model": "auth.permission",
    "fields": {
        "name": "Can delete testimonials",
        "content_type": [
            "about",
            "testimonials"
        ],
        "codename": "delete_testimonials"
    }
},
{
    "model": "auth.permission",
    "fields": {
        "name": "Can view testimonials",
        "content_type": [
            "about",
            "testimonials"
        ],
        "codename": "view_testimonials"
    }
},
{
    "model": "auth.permission",
    "fields": {
        "name": "Can add why us",
        "content_type": [
            "about",
            "whyus"
        ],
        "codename": "add_whyus"
    }
},
{
    "model": "auth.permission",
    "fields": {
        "name": "Can change why us",
        "content_type": [
            "about",
            "whyus"
        ],
        "codename": "change_whyus"
    }
},
{
    "model": "auth.permission",
    "fields": {
        "name": "Can delete why us",
        "content_type": [
            "about",
            "whyus"
        ],
        "codename": "delete_whyus"
    }
},
{
    "model": "auth.permission",
    "fields": {
        "name": "Can view why us",
        "content_type": [
            "about",
            "whyus"
        ],
        "codename": "view_whyus"
    }
},
{
    "model": "auth.permission",
    "fields": {
        "name": "Can add contact us",
        "content_type": [
            "main",
            "contactus"
        ],
        "codename": "add_contactus"
    }
},
{
    "model": "auth.permission",
    "fields": {
        "name": "Can change contact us",
        "content_type": [
            "main",
            "contactus"
        ],
        "codename": "change_contactus"
    }
},
{
    "model": "auth.permission",
    "fields": {
        "name": "Can delete contact us",
        "content_type": [
            "main",
            "contactus"
        ],
        "codename": "delete_contactus"
    }
},
{
    "model": "auth.permission",
    "fields": {
        "name": "Can view contact us",
        "content_type": [
            "main",
            "contactus"
        ],
        "codename": "view_contactus"
    }
},
{
    "model": "auth.permission",
    "fields": {
        "name": "Can add fees",
        "content_type": [
            "main",
            "fees"
        ],
        "codename": "add_fees"
    }
},
{
    "model": "auth.permission",
    "fields": {
        "name": "Can change fees",
        "content_type": [
            "main",
            "fees"
        ],
        "codename": "change_fees"
    }
},
{
    "model": "auth.permission",
    "fields": {
        "name": "Can delete fees",
        "content_type": [
            "main",
            "fees"
        ],
        "codename": "delete_fees"
    }
},
{
    "model": "auth.permission",
    "fields": {
        "name": "Can view fees",
        "content_type": [
            "main",
            "fees"
        ],
        "codename": "view_fees"
    }
},
{
    "model": "auth.permission",
    "fields": {
        "name": "Can add pricing",
        "content_type": [
            "main",
            "pricing"
        ],
        "codename": "add_pricing"
    }
},
{
    "model": "auth.permission",
    "fields": {
        "name": "Can change pricing",
        "content_type": [
            "main",
            "pricing"
        ],
        "codename": "change_pricing"
    }
},
{
    "model": "auth.permission",
    "fields": {
        "name": "Can delete pricing",
        "content_type": [
            "main",
            "pricing"
        ],
        "codename": "delete_pricing"
    }
},
{
    "model": "auth.permission",
    "fields": {
        "name": "Can view pricing",
        "content_type": [
            "main",
            "pricing"
        ],
        "codename": "view_pricing"
    }
},
{
    "model": "auth.permission",
    "fields": {
        "name": "Can add pricing_ content",
        "content_type": [
            "main",
            "pricing_content"
        ],
        "codename": "add_pricing_content"
    }
},
{
    "model": "auth.permission",
    "fields": {
        "name": "Can change pricing_ content",
        "content_type": [
            "main",
            "pricing_content"
        ],
        "codename": "change_pricing_content"
    }
},
{
    "model": "auth.permission",
    "fields": {
        "name": "Can delete pricing_ content",
        "content_type": [
            "main",
            "pricing_content"
        ],
        "codename": "delete_pricing_content"
    }
},
{
    "model": "auth.permission",
    "fields": {
        "name": "Can view pricing_ content",
        "content_type": [
            "main",
            "pricing_content"
        ],
        "codename": "view_pricing_content"
    }
},
{
    "model": "auth.permission",
    "fields": {
        "name": "Can add settings",
        "content_type": [
            "main",
            "settings"
        ],
        "codename": "add_settings"
    }
},
{
    "model": "auth.permission",
    "fields": {
        "name": "Can change settings",
        "content_type": [
            "main",
            "settings"
        ],
        "codename": "change_settings"
    }
},
{
    "model": "auth.permission",
    "fields": {
        "name": "Can delete settings",
        "content_type": [
            "main",
            "settings"
        ],
        "codename": "delete_settings"
    }
},
{
    "model": "auth.permission",
    "fields": {
        "name": "Can view settings",
        "content_type": [
            "main",
            "settings"
        ],
        "codename": "view_settings"
    }
},
{
    "model": "auth.permission",
    "fields": {
        "name": "Can add slider",
        "content_type": [
            "main",
            "slider"
        ],
        "codename": "add_slider"
    }
},
{
    "model": "auth.permission",
    "fields": {
        "name": "Can change slider",
        "content_type": [
            "main",
            "slider"
        ],
        "codename": "change_slider"
    }
},
{
    "model": "auth.permission",
    "fields": {
        "name": "Can delete slider",
        "content_type": [
            "main",
            "slider"
        ],
        "codename": "delete_slider"
    }
},
{
    "model": "auth.permission",
    "fields": {
        "name": "Can view slider",
        "content_type": [
            "main",
            "slider"
        ],
        "codename": "view_slider"
    }
},
{
    "model": "auth.permission",
    "fields": {
        "name": "Can add teacher contact",
        "content_type": [
            "main",
            "teachercontact"
        ],
        "codename": "add_teachercontact"
    }
},
{
    "model": "auth.permission",
    "fields": {
        "name": "Can change teacher contact",
        "content_type": [
            "main",
            "teachercontact"
        ],
        "codename": "change_teachercontact"
    }
},
{
    "model": "auth.permission",
    "fields": {
        "name": "Can delete teacher contact",
        "content_type": [
            "main",
            "teachercontact"
        ],
        "codename": "delete_teachercontact"
    }
},
{
    "model": "auth.permission",
    "fields": {
        "name": "Can view teacher contact",
        "content_type": [
            "main",
            "teachercontact"
        ],
        "codename": "view_teachercontact"
    }
},
{
    "model": "auth.permission",
    "fields": {
        "name": "Can add tutors",
        "content_type": [
            "main",
            "tutors"
        ],
        "codename": "add_tutors"
    }
},
{
    "model": "auth.permission",
    "fields": {
        "name": "Can change tutors",
        "content_type": [
            "main",
            "tutors"
        ],
        "codename": "change_tutors"
    }
},
{
    "model": "auth.permission",
    "fields": {
        "name": "Can delete tutors",
        "content_type": [
            "main",
            "tutors"
        ],
        "codename": "delete_tutors"
    }
},
{
    "model": "auth.permission",
    "fields": {
        "name": "Can view tutors",
        "content_type": [
            "main",
            "tutors"
        ],
        "codename": "view_tutors"
    }
},
{
    "model": "auth.permission",
    "fields": {
        "name": "Can add course",
        "content_type": [
            "course",
            "course"
        ],
        "codename": "add_course"
    }
},
{
    "model": "auth.permission",
    "fields": {
        "name": "Can change course",
        "content_type": [
            "course",
            "course"
        ],
        "codename": "change_course"
    }
},
{
    "model": "auth.permission",
    "fields": {
        "name": "Can delete course",
        "content_type": [
            "course",
            "course"
        ],
        "codename": "delete_course"
    }
},
{
    "model": "auth.permission",
    "fields": {
        "name": "Can view course",
        "content_type": [
            "course",
            "course"
        ],
        "codename": "view_course"
    }
},
{
    "model": "auth.permission",
    "fields": {
        "name": "Can add enrollment",
        "content_type": [
            "course",
            "enrollment"
        ],
        "codename": "add_enrollment"
    }
},
{
    "model": "auth.permission",
    "fields": {
        "name": "Can change enrollment",
        "content_type": [
            "course",
            "enrollment"
        ],
        "codename": "change_enrollment"
    }
},
{
    "model": "auth.permission",
    "fields": {
        "name": "Can delete enrollment",
        "content_type": [
            "course",
            "enrollment"
        ],
        "codename": "delete_enrollment"
    }
},
{
    "model": "auth.permission",
    "fields": {
        "name": "Can view enrollment",
        "content_type": [
            "course",
            "enrollment"
        ],
        "codename": "view_enrollment"
    }
},
{
    "model": "auth.permission",
    "fields": {
        "name": "Can add post",
        "content_type": [
            "blog",
            "post"
        ],
        "codename": "add_post"
    }
},
{
    "model": "auth.permission",
    "fields": {
        "name": "Can change post",
        "content_type": [
            "blog",
            "post"
        ],
        "codename": "change_post"
    }
},
{
    "model": "auth.permission",
    "fields": {
        "name": "Can delete post",
        "content_type": [
            "blog",
            "post"
        ],
        "codename": "delete_post"
    }
},
{
    "model": "auth.permission",
    "fields": {
        "name": "Can view post",
        "content_type": [
            "blog",
            "post"
        ],
        "codename": "view_post"
    }
},
{
    "model": "auth.permission",
    "fields": {
        "name": "Can add curriculum",
        "content_type": [
            "learning",
            "curriculum"
        ],
        "codename": "add_curriculum"
    }
},
{
    "model": "auth.permission",
    "fields": {
        "name": "Can change curriculum",
        "content_type": [
            "learning",
            "curriculum"
        ],
        "codename": "change_curriculum"
    }
},
{
    "model": "auth.permission",
    "fields": {
        "name": "Can delete curriculum",
        "content_type": [
            "learning",
            "curriculum"
        ],
        "codename": "delete_curriculum"
    }
},
{
    "model": "auth.permission",
    "fields": {
        "name": "Can view curriculum",
        "content_type": [
            "learning",
            "curriculum"
        ],
        "codename": "view_curriculum"
    }
},
{
    "model": "auth.permission",
    "fields": {
        "name": "Can add methodology",
        "content_type": [
            "learning",
            "methodology"
        ],
        "codename": "add_methodology"
    }
},
{
    "model": "auth.permission",
    "fields": {
        "name": "Can change methodology",
        "content_type": [
            "learning",
            "methodology"
        ],
        "codename": "change_methodology"
    }
},
{
    "model": "auth.permission",
    "fields": {
        "name": "Can delete methodology",
        "content_type": [
            "learning",
            "methodology"
        ],
        "codename": "delete_methodology"
    }
},
{
    "model": "auth.permission",
    "fields": {
        "name": "Can view methodology",
        "content_type": [
            "learning",
            "methodology"
        ],
        "codename": "view_methodology"
    }
},
{
    "model": "auth.permission",
    "fields": {
        "name": "Can add steps_ methodology",
        "content_type": [
            "learning",
            "steps_methodology"
        ],
        "codename": "add_steps_methodology"
    }
},
{
    "model": "auth.permission",
    "fields": {
        "name": "Can change steps_ methodology",
        "content_type": [
            "learning",
            "steps_methodology"
        ],
        "codename": "change_steps_methodology"
    }
},
{
    "model": "auth.permission",
    "fields": {
        "name": "Can delete steps_ methodology",
        "content_type": [
            "learning",
            "steps_methodology"
        ],
        "codename": "delete_steps_methodology"
    }
},
{
    "model": "auth.permission",
    "fields": {
        "name": "Can view steps_ methodology",
        "content_type": [
            "learning",
            "steps_methodology"
        ],
        "codename": "view_steps_methodology"
    }
},
{
    "model": "auth.permission",
    "fields": {
        "name": "Can add steps_ to_ start",
        "content_type": [
            "learning",
            "steps_to_start"
        ],
        "codename": "add_steps_to_start"
    }
},
{
    "model": "auth.permission",
    "fields": {
        "name": "Can change steps_ to_ start",
        "content_type": [
            "learning",
            "steps_to_start"
        ],
        "codename": "change_steps_to_start"
    }
},
{
    "model": "auth.permission",
    "fields": {
        "name": "Can delete steps_ to_ start",
        "content_type": [
            "learning",
            "steps_to_start"
        ],
        "codename": "delete_steps_to_start"
    }
},
{
    "model": "auth.permission",
    "fields": {
        "name": "Can view steps_ to_ start",
        "content_type": [
            "learning",
            "steps_to_start"
        ],
        "codename": "view_steps_to_start"
    }
},
{
    "model": "auth.permission",
    "fields": {
        "name": "Can add study_ plan",
        "content_type": [
            "learning",
            "study_plan"
        ],
        "codename": "add_study_plan"
    }
},
{
    "model": "auth.permission",
    "fields": {
        "name": "Can change study_ plan",
        "content_type": [
            "learning",
            "study_plan"
        ],
        "codename": "change_study_plan"
    }
},
{
    "model": "auth.permission",
    "fields": {
        "name": "Can delete study_ plan",
        "content_type": [
            "learning",
            "study_plan"
        ],
        "codename": "delete_study_plan"
    }
},
{
    "model": "auth.permission",
    "fields": {
        "name": "Can view study_ plan",
        "content_type": [
            "learning",
            "study_plan"
        ],
        "codename": "view_study_plan"
    }
},
{
    "model": "auth.permission",
    "fields": {
        "name": "Can add marketer",
        "content_type": [
            "dashboard",
            "marketer"
        ],
        "codename": "add_marketer"
    }
},
{
    "model": "auth.permission",
    "fields": {
        "name": "Can change marketer",
        "content_type": [
            "dashboard",
            "marketer"
        ],
        "codename": "change_marketer"
    }
},
{
    "model": "auth.permission",
    "fields": {
        "name": "Can delete marketer",
        "content_type": [
            "dashboard",
            "marketer"
        ],
        "codename": "delete_marketer"
    }
},
{
    "model": "auth.permission",
    "fields": {
        "name": "Can view marketer",
        "content_type": [
            "dashboard",
            "marketer"
        ],
        "codename": "view_marketer"
    }
},
{
    "model": "dashboard.customuser",
    "fields": {
        "password": "argon2$argon2id$v=19$m=102400,t=2,p=8$eWhIQlF2T2RiMnlneWttMUtraXdaVQ$qM0/DkOIl9FBvy0XHPiUY+qyOGMA4X4/M6yroc7Saro",
        "last_login": "2024-08-18T00:46:34.857Z",
        "phone": "01014205947",
        "name": "mohamed",
        "address": null,
        "type": "Admin",
        "gender": "Male",
        "age": 30,
        "is_active": true,
        "is_staff": true,
        "is_superuser": true,
        "created_at": "2024-08-05T21:38:16.386Z",
        "groups": [],
        "user_permissions": []
    }
},
{
    "model": "dashboard.customuser",
    "fields": {
        "password": "argon2$argon2id$v=19$m=102400,t=2,p=8$eUZDTVNVTkFTYmxpVEI1azlKZUNPdg$ZxbaOrmGWClQg9ffSJQu55NRnYUUIZ5OKewIQ90baZc",
        "last_login": "2024-08-11T22:34:40.424Z",
        "phone": "01143566356",
        "name": "مبارك جمعه",
        "address": "بنى سويف",
        "type": "Manager",
        "gender": "Male",
        "age": 30,
        "is_active": false,
        "is_staff": false,
        "is_superuser": false,
        "created_at": "2024-08-06T00:01:09.700Z",
        "groups": [],
        "user_permissions": []
    }
},
{
    "model": "dashboard.customuser",
    "fields": {
        "password": "argon2$argon2id$v=19$m=102400,t=2,p=8$bllPbzFTZ0p3Z1JpelVkWXN5Q3FDNA$vCMBTztWzfQ3IXWw5WQHHEALcUb0OS7Q6YJaoPMJAps",
        "last_login": null,
        "phone": "01010484871",
        "name": "عبدالباسط جمعه",
        "address": "بنى سويف",
        "type": "Instructor",
        "gender": "Male",
        "age": 28,
        "is_active": false,
        "is_staff": false,
        "is_superuser": false,
        "created_at": "2024-08-08T00:22:31.631Z",
        "groups": [],
        "user_permissions": []
    }
},
{
    "model": "dashboard.customuser",
    "fields": {
        "password": "argon2$argon2id$v=19$m=102400,t=2,p=8$R3BUUTRnOXRrcWJ6NXA1ck9LTHdHQg$vgCTKHRjDzpdZv6+niH5fBvJ6E5vwsk+fE5TIZP6sHc",
        "last_login": null,
        "phone": "01142539442",
        "name": "جمعه مبارك",
        "address": "بنى سويف",
        "type": "Instructor",
        "gender": "Male",
        "age": 30,
        "is_active": false,
        "is_staff": false,
        "is_superuser": false,
        "created_at": "2024-08-11T22:24:28.470Z",
        "groups": [],
        "user_permissions": []
    }
},
{
    "model": "dashboard.customuser",
    "fields": {
        "password": "argon2$argon2id$v=19$m=102400,t=2,p=8$RjIwNUltQW9IcTg0S0ZFSHZlcUVVbQ$KOqbgxm1mEyja5stn5zJ8JJcvM/gFgtlKRenunPh6Y4",
        "last_login": "2024-08-11T23:28:20.114Z",
        "phone": "01050603020",
        "name": "احمد حسن",
        "address": "بنى سويف",
        "type": "Instructor",
        "gender": "Male",
        "age": 30,
        "is_active": false,
        "is_staff": false,
        "is_superuser": false,
        "created_at": "2024-08-11T22:38:07.573Z",
        "groups": [],
        "user_permissions": []
    }
},
{
    "model": "dashboard.customuser",
    "fields": {
        "password": "argon2$argon2id$v=19$m=102400,t=2,p=8$UnRzY3JhbjNEbFg5ZEZ2V1A0dEZ2TQ$KlWwBVZVPvJoHHTqqeETdmQSulCXEdxZXLwXvTTLBQY",
        "last_login": null,
        "phone": "0123465465",
        "name": "اسلام عصام",
        "address": "المنيا",
        "type": "Manager",
        "gender": "Male",
        "age": 11,
        "is_active": false,
        "is_staff": false,
        "is_superuser": false,
        "created_at": "2024-08-16T18:45:55.154Z",
        "groups": [],
        "user_permissions": []
    }
},
{
    "model": "dashboard.customuser",
    "fields": {
        "password": "argon2$argon2id$v=19$m=102400,t=2,p=8$UVZhd2VDRFZDTW1NZ2RNcW0xYmRobg$Zsygc3Ea/H7wWAd8WsEpALlrO2/+miCKbKFvxlc8GMo",
        "last_login": null,
        "phone": "01654654656",
        "name": "اسلام محمد خالد",
        "address": "المنيا",
        "type": "Instructor",
        "gender": "Male",
        "age": 33,
        "is_active": false,
        "is_staff": false,
        "is_superuser": false,
        "created_at": "2024-08-16T22:37:01.099Z",
        "groups": [],
        "user_permissions": []
    }
},
{
    "model": "dashboard.customuser",
    "fields": {
        "password": "argon2$argon2id$v=19$m=102400,t=2,p=8$MmFpTmhJMHJud0ZTa0ZEenJydWw3TA$+Pbh2gL70Amrr+zIRFvXH24yt09EHUppoBxKkGiLkDU",
        "last_login": null,
        "phone": "0113256487",
        "name": "محمد جمال شحاتة",
        "address": "المنيا - مصر",
        "type": "Instructor",
        "gender": "Male",
        "age": 55,
        "is_active": false,
        "is_staff": false,
        "is_superuser": false,
        "created_at": "2024-08-16T22:41:35.245Z",
        "groups": [],
        "user_permissions": []
    }
},
{
    "model": "dashboard.customuser",
    "fields": {
        "password": "argon2$argon2id$v=19$m=102400,t=2,p=8$dGFwcUxYMWV0RzJOTEpON0xlVEJ3eg$piq4aihazTBetdwu3Xz4oROt7hat2j0DtTWPtRopytI",
        "last_login": null,
        "phone": "0102539442",
        "name": "شمس ايهاب",
        "address": "مصر",
        "type": "Instructor",
        "gender": "Female",
        "age": 22,
        "is_active": false,
        "is_staff": false,
        "is_superuser": false,
        "created_at": "2024-08-16T22:43:17.786Z",
        "groups": [],
        "user_permissions": []
    }
},
{
    "model": "dashboard.customuser",
    "fields": {
        "password": "argon2$argon2id$v=19$m=102400,t=2,p=8$dE9pZERJT1dNbFFsSk1MenZBNXJCbg$ic5xlzZUm5aNsO35O0Y8g4D3H//0UyATiTM7WNYZep8",
        "last_login": null,
        "phone": "01152194407",
        "name": "مصطفي سامي",
        "address": "مصر",
        "type": "Instructor",
        "gender": "Male",
        "age": 26,
        "is_active": false,
        "is_staff": false,
        "is_superuser": false,
        "created_at": "2024-08-16T22:50:42.649Z",
        "groups": [],
        "user_permissions": []
    }
},
{
    "model": "dashboard.customuser",
    "fields": {
        "password": "argon2$argon2id$v=19$m=102400,t=2,p=8$c1ZsWWhHYnl0akhSSFJ5eTdkOHZjRw$HvvKKF4S/E90NdG9aynZTMxeAVoRsWimJAt2sv0H/PA",
        "last_login": null,
        "phone": "01193850389",
        "name": "مي احمد",
        "address": "مصر",
        "type": "Instructor",
        "gender": "Female",
        "age": 27,
        "is_active": false,
        "is_staff": false,
        "is_superuser": false,
        "created_at": "2024-08-16T22:53:43.236Z",
        "groups": [],
        "user_permissions": []
    }
},
{
    "model": "dashboard.customuser",
    "fields": {
        "password": "argon2$argon2id$v=19$m=102400,t=2,p=8$QWcyMU5YWVlrb3VEZ1JPMjJCcDZObw$Z0DjmeIKoeAmTDFi0FvzJ/GUUb4gvWnBDfgno2CAUfM",
        "last_login": null,
        "phone": "01129488947",
        "name": "ليلي",
        "address": "مصر",
        "type": "Instructor",
        "gender": "Female",
        "age": 33,
        "is_active": false,
        "is_staff": false,
        "is_superuser": false,
        "created_at": "2024-08-16T22:54:37.700Z",
        "groups": [],
        "user_permissions": []
    }
},
{
    "model": "dashboard.customuser",
    "fields": {
        "password": "argon2$argon2id$v=19$m=102400,t=2,p=8$TW4zSWExUVJEMHRWYWNYSzJJNlV1Tg$ee1KxlExbZNGrDwk3eEvFg9+o5yHu9f6+U7LwUlh3CE",
        "last_login": null,
        "phone": "01078395664",
        "name": "شهد احمد",
        "address": "مصر",
        "type": "Instructor",
        "gender": "Female",
        "age": 22,
        "is_active": false,
        "is_staff": false,
        "is_superuser": false,
        "created_at": "2024-08-16T22:55:31.404Z",
        "groups": [],
        "user_permissions": []
    }
},
{
    "model": "dashboard.customuser",
    "fields": {
        "password": "argon2$argon2id$v=19$m=102400,t=2,p=8$cUY2bHNXcXZsQmt6OFBQMElVOWFFMA$LvwaBcqBvUvmxvkk9t71ZLFVyDwIHGo/DFD+hfs38dU",
        "last_login": null,
        "phone": "01028594856",
        "name": "ساندي",
        "address": "مصر",
        "type": "Instructor",
        "gender": "Female",
        "age": 33,
        "is_active": false,
        "is_staff": false,
        "is_superuser": false,
        "created_at": "2024-08-16T22:56:40.914Z",
        "groups": [],
        "user_permissions": []
    }
},
{
    "model": "dashboard.customuser",
    "fields": {
        "password": "argon2$argon2id$v=19$m=102400,t=2,p=8$T3NUUnRJZ0dGRDdEcGF6OW1heGJGWg$hlhu8SmCQTHkrY1IxOduRDTrlerX1Xe4MTg5kzp4IXk",
        "last_login": "2024-08-18T15:38:58.038Z",
        "phone": "01140594933",
        "name": "محمد جمعه",
        "address": "مصر",
        "type": "Manager",
        "gender": "Male",
        "age": 30,
        "is_active": true,
        "is_staff": false,
        "is_superuser": false,
        "created_at": "2024-08-16T23:42:15.688Z",
        "groups": [],
        "user_permissions": []
    }
},
{
    "model": "dashboard.customuser",
    "fields": {
        "password": "argon2$argon2id$v=19$m=102400,t=2,p=8$d1VRUERpVnRTOVpTTFZjcm5HS2x4Vg$w6si6cb5b1ZOe1wrDKl67uD+gQpi+0N25rgIbuS5wAo",
        "last_login": "2024-08-18T15:39:42.367Z",
        "phone": "01159429969",
        "name": "شمس ايهاب محمود",
        "address": "مصر",
        "type": "Instructor",
        "gender": "Male",
        "age": 22,
        "is_active": true,
        "is_staff": false,
        "is_superuser": false,
        "created_at": "2024-08-17T00:04:01.963Z",
        "groups": [],
        "user_permissions": []
    }
},
{
    "model": "dashboard.customuser",
    "fields": {
        "password": "argon2$argon2id$v=19$m=102400,t=2,p=8$QkpXUFk5ZUlCMVpudkVoOTdwSUFJaA$Y605dSl4tqJIq0EWosCnxrMjjJtaoOrZ3zLTCIN1TuM",
        "last_login": "2024-08-18T00:39:45.663Z",
        "phone": "01117704320",
        "name": "الاء ابراهيم",
        "address": "مصر",
        "type": "Instructor",
        "gender": "Female",
        "age": 22,
        "is_active": true,
        "is_staff": false,
        "is_superuser": false,
        "created_at": "2024-08-17T00:06:28.670Z",
        "groups": [],
        "user_permissions": []
    }
},
{
    "model": "dashboard.customuser",
    "fields": {
        "password": "argon2$argon2id$v=19$m=102400,t=2,p=8$bmJ2RkNwTmNYVHBlUVNTSDkzVWJPVQ$WAlB6boa9/dq/0nkVMXNw4+/1kfR4gxwMyCZTnaKKDE",
        "last_login": null,
        "phone": "01018637825",
        "name": "نرمين اسامه",
        "address": "مصر",
        "type": "Instructor",
        "gender": "Female",
        "age": 22,
        "is_active": true,
        "is_staff": false,
        "is_superuser": false,
        "created_at": "2024-08-17T00:10:39.252Z",
        "groups": [],
        "user_permissions": []
    }
},
{
    "model": "dashboard.customuser",
    "fields": {
        "password": "argon2$argon2id$v=19$m=102400,t=2,p=8$eXZzbEFVNW44amkzU1pvT3RhbGhuRw$+xjXCtPb169zLpuAoF5ApEGce20eZKfAojHoaLbAnZU",
        "last_login": "2024-08-18T00:42:09.793Z",
        "phone": "1152194407",
        "name": "مصطفي سامي",
        "address": "مصر",
        "type": "Instructor",
        "gender": "Male",
        "age": 25,
        "is_active": true,
        "is_staff": false,
        "is_superuser": false,
        "created_at": "2024-08-17T00:12:02.995Z",
        "groups": [],
        "user_permissions": []
    }
},
{
    "model": "dashboard.customuser",
    "fields": {
        "password": "argon2$argon2id$v=19$m=102400,t=2,p=8$TzNxWHNBV3NkcUpHRnBZQnFMZ0dueQ$/qx3BWbz8U4xiYBbcIM+bLPrpymvt8TqdqIGUWb8PN8",
        "last_login": "2024-08-18T00:08:00.619Z",
        "phone": "01122334455",
        "name": "اسلام عصام الدين",
        "address": null,
        "type": "Manager",
        "gender": null,
        "age": null,
        "is_active": true,
        "is_staff": true,
        "is_superuser": true,
        "created_at": "2024-08-18T00:07:42.572Z",
        "groups": [],
        "user_permissions": []
    }
},
{
    "model": "dashboard.manager",
    "pk": 1,
    "fields": {
        "user": [
            "01014205947"
        ]
    }
},
{
    "model": "dashboard.manager",
    "pk": 2,
    "fields": {
        "user": [
            "01143566356"
        ]
    }
},
{
    "model": "dashboard.manager",
    "pk": 3,
    "fields": {
        "user": [
            "0123465465"
        ]
    }
},
{
    "model": "dashboard.manager",
    "pk": 4,
    "fields": {
        "user": [
            "01140594933"
        ]
    }
},
{
    "model": "dashboard.manager",
    "pk": 5,
    "fields": {
        "user": [
            "01122334455"
        ]
    }
},
{
    "model": "dashboard.instructor",
    "pk": 1,
    "fields": {
        "user": [
            "01010484871"
        ],
        "qualification": "تمريض",
        "hourly_salary": "100.00",
        "class_link": "https://us05web.zoom.us/j/81171438939?pwd=ixl2yuFnJRqd1boWWfqgqrUjh2kh0g.1",
        "manager": 2,
        "id_number": "12345678912345"
    }
},
{
    "model": "dashboard.instructor",
    "pk": 2,
    "fields": {
        "user": [
            "01142539442"
        ],
        "qualification": "جامعة الازهر",
        "hourly_salary": "70.00",
        "class_link": "لا يوجد",
        "manager": 2,
        "id_number": "لا يوجد"
    }
},
{
    "model": "dashboard.instructor",
    "pk": 3,
    "fields": {
        "user": [
            "01050603020"
        ],
        "qualification": "جامعة الازهر",
        "hourly_salary": "60.00",
        "class_link": "لا يوجد",
        "manager": 2,
        "id_number": "لا يوجد"
    }
},
{
    "model": "dashboard.instructor",
    "pk": 4,
    "fields": {
        "user": [
            "01654654656"
        ],
        "qualification": "تجارة",
        "hourly_salary": "20.00",
        "class_link": "لا يوجد",
        "manager": 2,
        "id_number": "لا يوجد"
    }
},
{
    "model": "dashboard.instructor",
    "pk": 5,
    "fields": {
        "user": [
            "0113256487"
        ],
        "qualification": "هندسة",
        "hourly_salary": "33.00",
        "class_link": "لا يوجد",
        "manager": 2,
        "id_number": "لا يوجد"
    }
},
{
    "model": "dashboard.instructor",
    "pk": 6,
    "fields": {
        "user": [
            "0102539442"
        ],
        "qualification": "مهندسه في هندسه اجيال",
        "hourly_salary": "50.00",
        "class_link": "لا يوجد",
        "manager": 2,
        "id_number": "لا يوجد"
    }
},
{
    "model": "dashboard.instructor",
    "pk": 7,
    "fields": {
        "user": [
            "01152194407"
        ],
        "qualification": "معلم",
        "hourly_salary": "70.00",
        "class_link": "لا يوجد",
        "manager": 1,
        "id_number": "لا يوجد"
    }
},
{
    "model": "dashboard.instructor",
    "pk": 8,
    "fields": {
        "user": [
            "01193850389"
        ],
        "qualification": "معلمه",
        "hourly_salary": "50.00",
        "class_link": "لا يوجد",
        "manager": 1,
        "id_number": "لا يوجد"
    }
},
{
    "model": "dashboard.instructor",
    "pk": 9,
    "fields": {
        "user": [
            "01129488947"
        ],
        "qualification": "معلمه",
        "hourly_salary": "60.00",
        "class_link": "لا يوجد",
        "manager": 1,
        "id_number": "لا يوجد"
    }
},
{
    "model": "dashboard.instructor",
    "pk": 10,
    "fields": {
        "user": [
            "01078395664"
        ],
        "qualification": "معلمه",
        "hourly_salary": "60.00",
        "class_link": "لا يوجد",
        "manager": 1,
        "id_number": "لا يوجد"
    }
},
{
    "model": "dashboard.instructor",
    "pk": 11,
    "fields": {
        "user": [
            "01028594856"
        ],
        "qualification": "معلمه",
        "hourly_salary": "28.00",
        "class_link": "لا يوجد",
        "manager": 1,
        "id_number": "لا يوجد"
    }
},
{
    "model": "dashboard.instructor",
    "pk": 12,
    "fields": {
        "user": [
            "01159429969"
        ],
        "qualification": "مهندسة اجيال",
        "hourly_salary": "150.00",
        "class_link": "لا يوجد",
        "manager": 4,
        "id_number": "لا يوجد"
    }
},
{
    "model": "dashboard.instructor",
    "pk": 13,
    "fields": {
        "user": [
            "01117704320"
        ],
        "qualification": "معلمه",
        "hourly_salary": "50.00",
        "class_link": "لا يوجد",
        "manager": 4,
        "id_number": "لا يوجد"
    }
},
{
    "model": "dashboard.instructor",
    "pk": 14,
    "fields": {
        "user": [
            "01018637825"
        ],
        "qualification": "معلمه",
        "hourly_salary": "60.00",
        "class_link": "لا يوجد",
        "manager": 4,
        "id_number": "لا يوجد"
    }
},
{
    "model": "dashboard.instructor",
    "pk": 15,
    "fields": {
        "user": [
            "1152194407"
        ],
        "qualification": "معلم",
        "hourly_salary": "60.00",
        "class_link": "لا يوجد",
        "manager": 4,
        "id_number": "لا يوجد"
    }
},
{
    "model": "admin.logentry",
    "pk": 1,
    "fields": {
        "action_time": "2024-08-05T22:28:20.696Z",
        "user": [
            "01014205947"
        ],
        "content_type": [
            "main",
            "settings"
        ],
        "object_id": "1",
        "object_repr": "Settings",
        "action_flag": 1,
        "change_message": "[{\"added\": {}}]"
    }
},
{
    "model": "admin.logentry",
    "pk": 2,
    "fields": {
        "action_time": "2024-08-05T22:33:36.752Z",
        "user": [
            "01014205947"
        ],
        "content_type": [
            "main",
            "slider"
        ],
        "object_id": "1",
        "object_repr": "Online Quran, Arabic & Islamic Studies Courses",
        "action_flag": 1,
        "change_message": "[{\"added\": {}}]"
    }
},
{
    "model": "admin.logentry",
    "pk": 3,
    "fields": {
        "action_time": "2024-08-05T22:40:35.584Z",
        "user": [
            "01014205947"
        ],
        "content_type": [
            "main",
            "slider"
        ],
        "object_id": "2",
        "object_repr": "Online Quran Courses",
        "action_flag": 1,
        "change_message": "[{\"added\": {}}]"
    }
},
{
    "model": "admin.logentry",
    "pk": 4,
    "fields": {
        "action_time": "2024-08-05T22:41:13.462Z",
        "user": [
            "01014205947"
        ],
        "content_type": [
            "main",
            "slider"
        ],
        "object_id": "3",
        "object_repr": "Online Arabic Courses",
        "action_flag": 1,
        "change_message": "[{\"added\": {}}]"
    }
},
{
    "model": "admin.logentry",
    "pk": 5,
    "fields": {
        "action_time": "2024-08-05T22:41:40.358Z",
        "user": [
            "01014205947"
        ],
        "content_type": [
            "main",
            "slider"
        ],
        "object_id": "4",
        "object_repr": "Online Islamic Studies Courses",
        "action_flag": 1,
        "change_message": "[{\"added\": {}}]"
    }
},
{
    "model": "admin.logentry",
    "pk": 6,
    "fields": {
        "action_time": "2024-08-05T22:43:17.551Z",
        "user": [
            "01014205947"
        ],
        "content_type": [
            "about",
            "about"
        ],
        "object_id": "1",
        "object_repr": "َQuran Utla is the best place to learn Quran, Arabic & Islamic Studies. We have maintained a world-class reputation across the globe for many years. We provide a variety of online courses specifically",
        "action_flag": 1,
        "change_message": "[{\"added\": {}}]"
    }
},
{
    "model": "admin.logentry",
    "pk": 7,
    "fields": {
        "action_time": "2024-08-05T22:44:08.487Z",
        "user": [
            "01014205947"
        ],
        "content_type": [
            "about",
            "how_it_works"
        ],
        "object_id": "1",
        "object_repr": "You can schedule a course with us anytime. We offer a 24/7 learning service seven days a week, so you can learn online from the comfort of your home.",
        "action_flag": 1,
        "change_message": "[{\"added\": {}}]"
    }
},
{
    "model": "admin.logentry",
    "pk": 8,
    "fields": {
        "action_time": "2024-08-05T22:48:04.949Z",
        "user": [
            "01014205947"
        ],
        "content_type": [
            "about",
            "whyus"
        ],
        "object_id": "1",
        "object_repr": "24/7 Support & Schedule",
        "action_flag": 1,
        "change_message": "[{\"added\": {}}]"
    }
},
{
    "model": "admin.logentry",
    "pk": 9,
    "fields": {
        "action_time": "2024-08-05T22:49:29.408Z",
        "user": [
            "01014205947"
        ],
        "content_type": [
            "about",
            "whyus"
        ],
        "object_id": "2",
        "object_repr": "Free Trial Lessons",
        "action_flag": 1,
        "change_message": "[{\"added\": {}}]"
    }
},
{
    "model": "admin.logentry",
    "pk": 10,
    "fields": {
        "action_time": "2024-08-05T22:50:37.430Z",
        "user": [
            "01014205947"
        ],
        "content_type": [
            "about",
            "whyus"
        ],
        "object_id": "3",
        "object_repr": "Advanced Teaching Methods",
        "action_flag": 1,
        "change_message": "[{\"added\": {}}]"
    }
},
{
    "model": "admin.logentry",
    "pk": 11,
    "fields": {
        "action_time": "2024-08-05T22:51:20.251Z",
        "user": [
            "01014205947"
        ],
        "content_type": [
            "about",
            "whyus"
        ],
        "object_id": "4",
        "object_repr": "Online Help",
        "action_flag": 1,
        "change_message": "[{\"added\": {}}]"
    }
},
{
    "model": "admin.logentry",
    "pk": 12,
    "fields": {
        "action_time": "2024-08-05T22:52:26.695Z",
        "user": [
            "01014205947"
        ],
        "content_type": [
            "about",
            "whyus"
        ],
        "object_id": "5",
        "object_repr": "Makeup Classes",
        "action_flag": 1,
        "change_message": "[{\"added\": {}}]"
    }
},
{
    "model": "admin.logentry",
    "pk": 13,
    "fields": {
        "action_time": "2024-08-05T22:54:10.269Z",
        "user": [
            "01014205947"
        ],
        "content_type": [
            "about",
            "whyus"
        ],
        "object_id": "6",
        "object_repr": "Group Learning",
        "action_flag": 1,
        "change_message": "[{\"added\": {}}]"
    }
},
{
    "model": "admin.logentry",
    "pk": 14,
    "fields": {
        "action_time": "2024-08-05T22:55:24.440Z",
        "user": [
            "01014205947"
        ],
        "content_type": [
            "about",
            "whyus"
        ],
        "object_id": "7",
        "object_repr": "Male/Female Teachers",
        "action_flag": 1,
        "change_message": "[{\"added\": {}}]"
    }
},
{
    "model": "admin.logentry",
    "pk": 15,
    "fields": {
        "action_time": "2024-08-05T22:56:24.753Z",
        "user": [
            "01014205947"
        ],
        "content_type": [
            "about",
            "whyus"
        ],
        "object_id": "8",
        "object_repr": "Completion Certificates",
        "action_flag": 1,
        "change_message": "[{\"added\": {}}]"
    }
},
{
    "model": "admin.logentry",
    "pk": 16,
    "fields": {
        "action_time": "2024-08-05T22:57:38.860Z",
        "user": [
            "01014205947"
        ],
        "content_type": [
            "about",
            "testimonials"
        ],
        "object_id": "1",
        "object_repr": "Aqsa Ahmed",
        "action_flag": 1,
        "change_message": "[{\"added\": {}}]"
    }
},
{
    "model": "admin.logentry",
    "pk": 17,
    "fields": {
        "action_time": "2024-08-05T22:58:14.990Z",
        "user": [
            "01014205947"
        ],
        "content_type": [
            "about",
            "testimonials"
        ],
        "object_id": "2",
        "object_repr": "Numan Sajid",
        "action_flag": 1,
        "change_message": "[{\"added\": {}}]"
    }
},
{
    "model": "admin.logentry",
    "pk": 18,
    "fields": {
        "action_time": "2024-08-05T22:59:04.860Z",
        "user": [
            "01014205947"
        ],
        "content_type": [
            "about",
            "testimonials"
        ],
        "object_id": "3",
        "object_repr": "Ahmed Munir",
        "action_flag": 1,
        "change_message": "[{\"added\": {}}]"
    }
},
{
    "model": "admin.logentry",
    "pk": 19,
    "fields": {
        "action_time": "2024-08-05T23:00:00.007Z",
        "user": [
            "01014205947"
        ],
        "content_type": [
            "learning",
            "steps_to_start"
        ],
        "object_id": "1",
        "object_repr": "Fill in the Trial Form below.",
        "action_flag": 1,
        "change_message": "[{\"added\": {}}]"
    }
},
{
    "model": "admin.logentry",
    "pk": 20,
    "fields": {
        "action_time": "2024-08-05T23:00:05.415Z",
        "user": [
            "01014205947"
        ],
        "content_type": [
            "learning",
            "steps_to_start"
        ],
        "object_id": "2",
        "object_repr": "Book your Free Trial Class.",
        "action_flag": 1,
        "change_message": "[{\"added\": {}}]"
    }
},
{
    "model": "admin.logentry",
    "pk": 21,
    "fields": {
        "action_time": "2024-08-05T23:00:10.980Z",
        "user": [
            "01014205947"
        ],
        "content_type": [
            "learning",
            "steps_to_start"
        ],
        "object_id": "3",
        "object_repr": "Choose Your Study Plan.",
        "action_flag": 1,
        "change_message": "[{\"added\": {}}]"
    }
},
{
    "model": "admin.logentry",
    "pk": 22,
    "fields": {
        "action_time": "2024-08-05T23:00:27.465Z",
        "user": [
            "01014205947"
        ],
        "content_type": [
            "learning",
            "study_plan"
        ],
        "object_id": "1",
        "object_repr": "High Quality & Low Fees",
        "action_flag": 1,
        "change_message": "[{\"added\": {}}]"
    }
},
{
    "model": "admin.logentry",
    "pk": 23,
    "fields": {
        "action_time": "2024-08-05T23:00:29.986Z",
        "user": [
            "01014205947"
        ],
        "content_type": [
            "learning",
            "study_plan"
        ],
        "object_id": "2",
        "object_repr": "Up To 20% Discount Now",
        "action_flag": 1,
        "change_message": "[{\"added\": {}}]"
    }
},
{
    "model": "admin.logentry",
    "pk": 24,
    "fields": {
        "action_time": "2024-08-05T23:00:33.866Z",
        "user": [
            "01014205947"
        ],
        "content_type": [
            "learning",
            "study_plan"
        ],
        "object_id": "3",
        "object_repr": "$8 Instead Of $10 Per Hour",
        "action_flag": 1,
        "change_message": "[{\"added\": {}}]"
    }
},
{
    "model": "admin.logentry",
    "pk": 25,
    "fields": {
        "action_time": "2024-08-05T23:00:38.154Z",
        "user": [
            "01014205947"
        ],
        "content_type": [
            "learning",
            "study_plan"
        ],
        "object_id": "4",
        "object_repr": "Starting From $40 Monthly",
        "action_flag": 1,
        "change_message": "[{\"added\": {}}]"
    }
},
{
    "model": "admin.logentry",
    "pk": 26,
    "fields": {
        "action_time": "2024-08-05T23:11:48.080Z",
        "user": [
            "01014205947"
        ],
        "content_type": [
            "about",
            "terms"
        ],
        "object_id": "1",
        "object_repr": "<p style=\"margin-block: 0px 0.9rem; color: rgb(39, 60, 103); font-family: Roboto, sans-serif; font-size: 16px; text-align: justify;\"><span style=\"font-weight: bolder;\">Payment Method</span></p><p styl",
        "action_flag": 1,
        "change_message": "[{\"added\": {}}]"
    }
},
{
    "model": "admin.logentry",
    "pk": 27,
    "fields": {
        "action_time": "2024-08-05T23:12:38.694Z",
        "user": [
            "01014205947"
        ],
        "content_type": [
            "learning",
            "curriculum"
        ],
        "object_id": "1",
        "object_repr": "Quran Utla Academy offers 25 Online Quran, Arabic & Islamic Studies Courses designed by Expert Islamic Scholars from a beginner to an advanced level for Kids & Adults with the help of Expert Native Ar",
        "action_flag": 1,
        "change_message": "[{\"added\": {}}]"
    }
},
{
    "model": "admin.logentry",
    "pk": 28,
    "fields": {
        "action_time": "2024-08-05T23:13:01.129Z",
        "user": [
            "01014205947"
        ],
        "content_type": [
            "learning",
            "methodology"
        ],
        "object_id": "1",
        "object_repr": "The Best Online Learning Platform, Offering an online learning service is challenging, but not if you have the best-qualified Tutors and a well-structured curriculum.",
        "action_flag": 1,
        "change_message": "[{\"added\": {}}]"
    }
},
{
    "model": "admin.logentry",
    "pk": 29,
    "fields": {
        "action_time": "2024-08-05T23:26:04.780Z",
        "user": [
            "01014205947"
        ],
        "content_type": [
            "main",
            "pricing_content"
        ],
        "object_id": "1",
        "object_repr": "Monthly Fees are charged on a monthly basis in the USD.\r\nFees charged in advance with full money-back guarantee.\r\nIf you want a customized plan, we'll arrange it Insha'Allah.\r\nPayments via Bank Accoun",
        "action_flag": 1,
        "change_message": "[{\"added\": {}}]"
    }
},
{
    "model": "admin.logentry",
    "pk": 30,
    "fields": {
        "action_time": "2024-08-05T23:26:34.592Z",
        "user": [
            "01014205947"
        ],
        "content_type": [
            "main",
            "pricing"
        ],
        "object_id": "1",
        "object_repr": "A",
        "action_flag": 1,
        "change_message": "[{\"added\": {}}]"
    }
},
{
    "model": "admin.logentry",
    "pk": 31,
    "fields": {
        "action_time": "2024-08-05T23:27:07.715Z",
        "user": [
            "01014205947"
        ],
        "content_type": [
            "main",
            "pricing"
        ],
        "object_id": "2",
        "object_repr": "B",
        "action_flag": 1,
        "change_message": "[{\"added\": {}}]"
    }
},
{
    "model": "admin.logentry",
    "pk": 32,
    "fields": {
        "action_time": "2024-08-05T23:27:25.935Z",
        "user": [
            "01014205947"
        ],
        "content_type": [
            "main",
            "pricing"
        ],
        "object_id": "3",
        "object_repr": "C",
        "action_flag": 1,
        "change_message": "[{\"added\": {}}]"
    }
},
{
    "model": "admin.logentry",
    "pk": 33,
    "fields": {
        "action_time": "2024-08-05T23:27:50.176Z",
        "user": [
            "01014205947"
        ],
        "content_type": [
            "main",
            "pricing"
        ],
        "object_id": "4",
        "object_repr": "D",
        "action_flag": 1,
        "change_message": "[{\"added\": {}}]"
    }
},
{
    "model": "admin.logentry",
    "pk": 34,
    "fields": {
        "action_time": "2024-08-05T23:28:56.558Z",
        "user": [
            "01014205947"
        ],
        "content_type": [
            "dashboard",
            "customuser"
        ],
        "object_id": "1",
        "object_repr": "mohamed",
        "action_flag": 2,
        "change_message": "[{\"changed\": {\"fields\": [\"Type\", \"Gender\", \"Age\"]}}]"
    }
},
{
    "model": "admin.logentry",
    "pk": 35,
    "fields": {
        "action_time": "2024-08-05T23:30:36.784Z",
        "user": [
            "01014205947"
        ],
        "content_type": [
            "blog",
            "post"
        ],
        "object_id": "1",
        "object_repr": "Hijrah: Significance & Importance | Prophet Muhammad’s Migration",
        "action_flag": 1,
        "change_message": "[{\"added\": {}}]"
    }
},
{
    "model": "admin.logentry",
    "pk": 36,
    "fields": {
        "action_time": "2024-08-11T12:55:26.187Z",
        "user": [
            "01014205947"
        ],
        "content_type": [
            "about",
            "about"
        ],
        "object_id": "1",
        "object_repr": "َQuran Utla is the best place to learn Quran, Arabic & Islamic Studies. We have maintained a world-class reputation across the globe for many years. We provide a variety of online courses specifically",
        "action_flag": 2,
        "change_message": "[]"
    }
},
{
    "model": "admin.logentry",
    "pk": 37,
    "fields": {
        "action_time": "2024-08-11T13:00:23.226Z",
        "user": [
            "01014205947"
        ],
        "content_type": [
            "about",
            "about"
        ],
        "object_id": "1",
        "object_repr": "َQuran QuRAN UTLA best place to learn Quran, Arabic & Islamic Studies. We have maintained a world-class reputation across the globe for many years. We provide a variety of online courses specifically ",
        "action_flag": 2,
        "change_message": "[{\"changed\": {\"fields\": [\"Content\"]}}]"
    }
},
{
    "model": "admin.logentry",
    "pk": 38,
    "fields": {
        "action_time": "2024-08-11T13:06:49.370Z",
        "user": [
            "01014205947"
        ],
        "content_type": [
            "about",
            "about"
        ],
        "object_id": "1",
        "object_repr": "َQuran UTLA best place to learn Quran, Arabic & Islamic Studies. We have maintained a world-class reputation across the globe for many years. We provide a variety of online courses specifically design",
        "action_flag": 2,
        "change_message": "[{\"changed\": {\"fields\": [\"Content\"]}}]"
    }
},
{
    "model": "admin.logentry",
    "pk": 39,
    "fields": {
        "action_time": "2024-08-11T13:10:08.928Z",
        "user": [
            "01014205947"
        ],
        "content_type": [
            "about",
            "about"
        ],
        "object_id": "1",
        "object_repr": "َQuran UTLA best place to learn Quran, Arabic & Islamic Studies. We have maintained a world-class reputation across the globe for many years. We provide a variety of online courses specifically design",
        "action_flag": 2,
        "change_message": "[]"
    }
},
{
    "model": "admin.logentry",
    "pk": 40,
    "fields": {
        "action_time": "2024-08-11T13:12:37.341Z",
        "user": [
            "01014205947"
        ],
        "content_type": [
            "about",
            "whyus"
        ],
        "object_id": "5",
        "object_repr": "دورت",
        "action_flag": 2,
        "change_message": "[{\"changed\": {\"fields\": [\"Name\"]}}]"
    }
},
{
    "model": "admin.logentry",
    "pk": 41,
    "fields": {
        "action_time": "2024-08-11T15:41:06.318Z",
        "user": [
            "01014205947"
        ],
        "content_type": [
            "main",
            "tutors"
        ],
        "object_id": "1",
        "object_repr": "المعلمه تسنيم احمد",
        "action_flag": 1,
        "change_message": "[{\"added\": {}}]"
    }
},
{
    "model": "admin.logentry",
    "pk": 42,
    "fields": {
        "action_time": "2024-08-11T15:44:21.247Z",
        "user": [
            "01014205947"
        ],
        "content_type": [
            "main",
            "tutors"
        ],
        "object_id": "2",
        "object_repr": "احمد محمد",
        "action_flag": 1,
        "change_message": "[{\"added\": {}}]"
    }
},
{
    "model": "admin.logentry",
    "pk": 43,
    "fields": {
        "action_time": "2024-08-11T23:20:46.750Z",
        "user": [
            "01014205947"
        ],
        "content_type": [
            "dashboard",
            "customuser"
        ],
        "object_id": "1",
        "object_repr": "mohamed",
        "action_flag": 2,
        "change_message": "[{\"changed\": {\"fields\": [\"Type\"]}}]"
    }
},
{
    "model": "admin.logentry",
    "pk": 44,
    "fields": {
        "action_time": "2024-08-11T23:21:34.834Z",
        "user": [
            "01014205947"
        ],
        "content_type": [
            "dashboard",
            "customuser"
        ],
        "object_id": "1",
        "object_repr": "mohamed",
        "action_flag": 2,
        "change_message": "[{\"changed\": {\"fields\": [\"Type\"]}}]"
    }
},
{
    "model": "admin.logentry",
    "pk": 45,
    "fields": {
        "action_time": "2024-08-12T00:00:17.153Z",
        "user": [
            "01014205947"
        ],
        "content_type": [
            "main",
            "settings"
        ],
        "object_id": "1",
        "object_repr": "Settings",
        "action_flag": 2,
        "change_message": "[{\"changed\": {\"fields\": [\"Facebook\", \"Instagram\", \"Twitter\", \"Youtube\"]}}]"
    }
},
{
    "model": "admin.logentry",
    "pk": 46,
    "fields": {
        "action_time": "2024-08-12T00:02:05.843Z",
        "user": [
            "01014205947"
        ],
        "content_type": [
            "main",
            "slider"
        ],
        "object_id": "4",
        "object_repr": "Online Islamic Studies Courses",
        "action_flag": 2,
        "change_message": "[{\"changed\": {\"fields\": [\"Img\"]}}]"
    }
},
{
    "model": "admin.logentry",
    "pk": 47,
    "fields": {
        "action_time": "2024-08-12T00:40:07.032Z",
        "user": [
            "01014205947"
        ],
        "content_type": [
            "about",
            "about"
        ],
        "object_id": "1",
        "object_repr": "َQuranUTLA best place to learn Quran, Arabic & Islamic Studies. We have maintained a world-class reputation across the globe for many years. We provide a variety of online courses specifically designe",
        "action_flag": 2,
        "change_message": "[{\"changed\": {\"fields\": [\"Content\"]}}]"
    }
},
{
    "model": "admin.logentry",
    "pk": 48,
    "fields": {
        "action_time": "2024-08-12T00:46:12.104Z",
        "user": [
            "01014205947"
        ],
        "content_type": [
            "about",
            "whyus"
        ],
        "object_id": "5",
        "object_repr": "دورت",
        "action_flag": 2,
        "change_message": "[]"
    }
},
{
    "model": "admin.logentry",
    "pk": 49,
    "fields": {
        "action_time": "2024-08-12T00:47:41.024Z",
        "user": [
            "01014205947"
        ],
        "content_type": [
            "about",
            "whyus"
        ],
        "object_id": "5",
        "object_repr": "دورات",
        "action_flag": 2,
        "change_message": "[{\"changed\": {\"fields\": [\"Img\", \"Name\"]}}]"
    }
},
{
    "model": "admin.logentry",
    "pk": 50,
    "fields": {
        "action_time": "2024-08-12T00:52:18.982Z",
        "user": [
            "01014205947"
        ],
        "content_type": [
            "course",
            "course"
        ],
        "object_id": "1",
        "object_repr": "تجويد",
        "action_flag": 1,
        "change_message": "[{\"added\": {}}]"
    }
},
{
    "model": "admin.logentry",
    "pk": 51,
    "fields": {
        "action_time": "2024-08-12T00:57:28.758Z",
        "user": [
            "01014205947"
        ],
        "content_type": [
            "course",
            "course"
        ],
        "object_id": "1",
        "object_repr": "تجويد",
        "action_flag": 2,
        "change_message": "[]"
    }
},
{
    "model": "admin.logentry",
    "pk": 52,
    "fields": {
        "action_time": "2024-08-12T01:15:08.346Z",
        "user": [
            "01014205947"
        ],
        "content_type": [
            "about",
            "whyus"
        ],
        "object_id": "7",
        "object_repr": "معلمين من ذوي الخبرة",
        "action_flag": 2,
        "change_message": "[{\"changed\": {\"fields\": [\"Name\", \"Content\"]}}]"
    }
},
{
    "model": "admin.logentry",
    "pk": 53,
    "fields": {
        "action_time": "2024-08-12T01:16:37.131Z",
        "user": [
            "01014205947"
        ],
        "content_type": [
            "about",
            "whyus"
        ],
        "object_id": "3",
        "object_repr": "Advanced Teaching Methods",
        "action_flag": 2,
        "change_message": "[{\"changed\": {\"fields\": [\"Content\"]}}]"
    }
},
{
    "model": "admin.logentry",
    "pk": 54,
    "fields": {
        "action_time": "2024-08-12T01:19:49.829Z",
        "user": [
            "01014205947"
        ],
        "content_type": [
            "about",
            "whyus"
        ],
        "object_id": "1",
        "object_repr": "24/7 Support & Schedule",
        "action_flag": 2,
        "change_message": "[{\"changed\": {\"fields\": [\"Content\"]}}]"
    }
},
{
    "model": "admin.logentry",
    "pk": 55,
    "fields": {
        "action_time": "2024-08-12T01:24:02.708Z",
        "user": [
            "01014205947"
        ],
        "content_type": [
            "about",
            "whyus"
        ],
        "object_id": "1",
        "object_repr": "24/7 Support & Schedule",
        "action_flag": 2,
        "change_message": "[{\"changed\": {\"fields\": [\"Content\"]}}]"
    }
}
]
